customer_id,tenure_months,days_since_purchase,orders_90d,avg_basket,discount_share,returns_90d,support_tickets,loyalty_member,preferred_category,churned_90d
R00001,57,30,8,67.42,0.603,1,1,Yes,Apparel,0
R00002,35,38,2,10,0.34,1,0,Yes,Beauty,0
R00003,11,33,3,86.67,0.474,1,1,No,Electronics,1
R00004,12,35,1,19.75,0.285,1,0,Yes,Apparel,0
R00005,25,35,1,18.31,0.041,1,0,Yes,Grocery,0
R00006,51,63,4,48.83,0.599,1,2,Yes,Grocery,1
R00007,7,50,4,85.79,0.47,0,0,No,Apparel,0
R00008,27,53,6,51.79,0.32,0,0,Yes,Beauty,0
R00009,11,55,0,94.68,0.179,0,0,No,Grocery,0
R00010,33,50,6,23.49,0.135,1,0,Yes,Grocery,0
R00011,32,78,8,61.23,0.287,2,0,Yes,Apparel,0
R00012,48,60,6,53.59,0.341,0,0,Yes,Home,0
R00013,23,23,6,51.37,0.4,0,0,Yes,Grocery,0
R00014,64,89,5,44.34,0.042,1,1,Yes,Electronics,1
R00015,56,83,6,67.16,0.373,0,0,Yes,Electronics,0
R00016,53,52,7,66.79,0,0,0,Yes,Beauty,0
R00017,51,88,2,68.92,0.279,1,1,Yes,Electronics,0
R00018,31,67,4,56.81,0.269,2,2,Yes,Grocery,1
R00019,54,52,6,19.72,0.223,0,1,Yes,Beauty,1
R00020,18,62,6,44.39,0,0,0,No,Apparel,0
R00021,51,58,7,57.91,0.075,2,2,Yes,Home,0
R00022,39,50,2,27.07,0.198,0,1,Yes,Apparel,0
R00023,14,61,5,98.81,0.371,0,0,Yes,Grocery,0
R00024,11,66,6,75.42,0.355,0,0,Yes,Electronics,0
R00025,48,42,7,64.87,0.132,2,0,Yes,Apparel,0
R00026,12,56,3,47.49,0.214,1,0,No,Beauty,0
R00027,14,51,6,33.55,0.233,1,1,No,Electronics,0
R00028,35,28,5,44.23,0.143,1,1,Yes,Electronics,0
R00029,63,39,8,10,0.48,1,1,Yes,Home,0
R00030,11,39,1,32.64,0.607,0,1,Yes,Grocery,0
R00031,52,40,5,90.11,0.463,0,0,Yes,Beauty,0
R00032,15,48,6,15.98,0.403,1,0,No,Apparel,0
R00033,39,62,5,82.44,0.156,1,1,Yes,Apparel,0
R00034,11,54,2,85.76,0.209,0,0,Yes,Home,0
R00035,34,63,1,19.37,0,0,1,Yes,Beauty,0
R00036,53,62,6,105.15,0.397,2,3,Yes,Beauty,1
R00037,17,37,5,55.27,0.093,2,1,No,Beauty,0
R00038,48,79,4,71.05,0.072,0,1,Yes,Grocery,0
R00039,19,33,4,114,0.446,2,1,Yes,Grocery,0
R00040,27,52,4,44.05,0.423,2,0,Yes,Apparel,0
R00041,44,37,4,109.68,0.539,1,2,Yes,Beauty,1
R00042,46,26,8,60.81,0.21,1,0,Yes,Home,0
R00043,32,36,5,59.73,0.064,0,0,Yes,Apparel,0
R00044,60,82,6,91.14,0.128,1,1,Yes,Home,0
R00045,26,32,6,36.42,0.45,1,0,Yes,Electronics,0
R00046,29,69,4,53.76,0.406,1,0,No,Home,1
R00047,16,37,8,60.65,0.052,2,0,Yes,Electronics,0
R00048,11,61,8,88.87,0.291,1,1,Yes,Electronics,0
R00049,17,56,1,80.7,0.243,1,1,No,Grocery,1
R00050,54,51,5,69.2,0.336,0,1,Yes,Electronics,0
R00051,38,69,4,59.63,0.143,1,1,No,Apparel,0
R00052,36,42,6,37.75,0.417,1,2,Yes,Apparel,0
R00053,20,40,6,43.28,0.65,3,2,Yes,Apparel,1
R00054,48,42,2,49.43,0.452,2,2,Yes,Grocery,0
R00055,31,51,2,82.28,0.221,1,1,Yes,Apparel,1
R00056,40,72,7,31.71,0.222,1,2,Yes,Home,0
R00057,39,88,4,72.79,0.208,0,0,Yes,Apparel,0
R00058,51,56,3,40.95,0.242,1,0,No,Apparel,1
R00059,59,51,9,96.43,0.228,1,1,Yes,Apparel,0
R00060,54,101,0,39.91,0.233,2,1,Yes,Home,1
R00061,47,80,5,12.29,0.333,1,0,Yes,Beauty,0
R00062,23,50,4,56.58,0.096,2,1,Yes,Grocery,0
R00063,5,65,2,62.42,0.155,1,0,No,Grocery,1
R00064,46,86,2,14.9,0.144,1,1,Yes,Home,0
R00065,4,42,3,37.5,0.381,0,1,Yes,Beauty,0
R00066,30,64,1,64.69,0.223,0,0,Yes,Apparel,0
R00067,19,43,0,65.66,0.399,2,2,No,Electronics,0
R00068,42,42,4,76.41,0.066,1,0,Yes,Apparel,0
R00069,42,92,4,49.13,0.044,0,0,Yes,Electronics,0
R00070,12,55,6,21.06,0.391,2,2,No,Apparel,0
R00071,8,43,6,28.85,0.026,1,2,Yes,Home,0
R00072,7,65,4,103.56,0.365,3,1,Yes,Home,0
R00073,9,31,4,115.15,0.271,0,2,Yes,Apparel,0
R00074,58,47,6,57.65,0.447,1,1,Yes,Grocery,0
R00075,12,57,4,91,0.292,2,0,Yes,Apparel,0
R00076,43,59,8,10,0.244,0,0,Yes,Electronics,0
R00077,44,58,4,21.32,0.347,1,2,Yes,Beauty,0
R00078,20,49,6,95.41,0.181,1,0,Yes,Grocery,0
R00079,14,73,4,70.46,0.243,2,1,No,Apparel,1
R00080,44,66,1,72.52,0.102,0,1,Yes,Beauty,1
R00081,61,36,10,36.88,0.118,0,0,Yes,Home,0
R00082,60,58,6,113.09,0.133,0,1,Yes,Grocery,0
R00083,1,65,0,85.07,0.229,1,1,No,Apparel,1
R00084,59,85,6,32.57,0.546,0,0,Yes,Electronics,0
R00085,7,114,2,59.93,0.444,2,1,Yes,Home,1
R00086,34,30,5,23.93,0.361,0,2,Yes,Beauty,0
R00087,36,51,7,59.56,0.009,0,1,Yes,Apparel,0
R00088,39,49,7,78.82,0.155,0,0,Yes,Home,0
R00089,52,72,5,59.49,0.431,0,0,Yes,Home,0
R00090,39,90,2,18.55,0,0,0,Yes,Apparel,1
R00091,57,73,7,65.79,0,1,0,Yes,Beauty,0
R00092,43,37,3,10,0.29,1,1,Yes,Electronics,0
R00093,47,54,5,17.9,0.277,0,1,Yes,Grocery,0
R00094,55,62,6,115.95,0.116,0,0,Yes,Grocery,0
R00095,11,22,8,90.11,0.472,1,0,Yes,Electronics,0
R00096,36,79,5,84.39,0.357,0,2,No,Beauty,1
R00097,46,44,10,43.17,0.187,0,0,Yes,Electronics,0
R00098,18,89,5,14.99,0.361,1,1,Yes,Electronics,0
R00099,40,73,6,57.64,0.166,1,3,Yes,Grocery,0
R00100,64,26,5,80.71,0.14,0,2,Yes,Beauty,0
R00101,16,38,5,48.01,0.224,0,0,Yes,Home,0
R00102,61,83,6,75.85,0.319,1,0,No,Home,0
R00103,60,73,8,68.06,0.409,1,1,Yes,Home,0
R00104,1,93,0,59.81,0.351,1,1,No,Electronics,1
R00105,38,66,5,65.97,0.288,0,0,Yes,Apparel,0
R00106,2,43,6,42.45,0,0,1,Yes,Beauty,0
R00107,56,51,3,50.58,0.317,1,1,No,Apparel,0
R00108,27,72,5,77.64,0.227,1,0,Yes,Beauty,0
R00109,15,64,2,78.18,0.19,1,0,No,Beauty,1
R00110,63,24,10,98.08,0.362,2,0,Yes,Beauty,0
R00111,20,62,4,30.84,0.076,0,0,Yes,Grocery,0
R00112,48,43,3,103.82,0.37,0,0,Yes,Apparel,0
R00113,28,36,4,47.96,0,0,1,Yes,Grocery,0
R00114,59,55,7,65.41,0.379,1,0,Yes,Electronics,0
R00115,58,25,1,47.79,0,0,1,Yes,Apparel,1
R00116,7,59,4,98.72,0.572,0,1,No,Apparel,0
R00117,5,58,3,80.89,0.392,1,1,No,Beauty,0
R00118,37,86,4,60.78,0.322,2,0,Yes,Apparel,0
R00119,17,85,2,12.51,0.206,1,0,No,Apparel,0
R00120,26,37,6,60.41,0.255,0,1,Yes,Electronics,0
R00121,21,55,6,54.86,0.404,0,0,Yes,Apparel,0
R00122,48,69,4,41.62,0.654,2,0,Yes,Grocery,0
R00123,47,36,4,70.86,0.466,1,1,Yes,Home,0
R00124,13,56,5,46.08,0.498,0,0,Yes,Apparel,0
R00125,47,37,8,80.22,0.552,0,0,Yes,Beauty,0
R00126,55,41,2,31.92,0.363,0,0,Yes,Apparel,0
R00127,27,36,5,57.33,0.614,2,1,Yes,Electronics,1
R00128,58,48,9,116.3,0.347,0,0,Yes,Grocery,0
R00129,60,31,4,51.23,0.468,2,0,Yes,Grocery,0
R00130,56,40,8,77.98,0.109,0,1,Yes,Apparel,0
R00131,4,28,6,69.26,0.183,1,1,No,Home,0
R00132,7,91,0,10,0.392,0,0,Yes,Grocery,1
R00133,12,45,3,49.32,0.206,0,0,Yes,Beauty,0
R00134,37,64,4,49.39,0.449,0,0,Yes,Apparel,0
R00135,26,60,0,28.3,0.196,0,1,No,Apparel,0
R00136,9,70,5,95.11,0.136,0,0,Yes,Apparel,0
R00137,9,91,4,19.45,0.513,1,0,Yes,Grocery,0
R00138,2,68,4,10,0.392,0,0,Yes,Beauty,0
R00139,35,43,3,36.36,0.594,2,1,Yes,Apparel,0
R00140,43,68,5,71.07,0.139,0,0,Yes,Beauty,1
R00141,42,53,7,71.89,0.362,0,0,Yes,Grocery,0
R00142,38,109,5,82.17,0.688,0,1,Yes,Home,0
R00143,45,51,7,70.38,0.485,2,1,Yes,Grocery,0
R00144,20,81,2,71.08,0.398,0,1,Yes,Grocery,1
R00145,3,35,0,32.21,0.523,1,1,No,Beauty,0
R00146,31,89,1,32.65,0.262,0,0,No,Apparel,1
R00147,61,51,5,44.23,0.438,1,1,Yes,Electronics,0
R00148,26,67,5,84.7,0.282,1,1,Yes,Electronics,0
R00149,44,22,7,97.37,0,0,0,No,Home,0
R00150,13,60,3,67.03,0.308,1,2,Yes,Beauty,1
R00151,26,23,8,31.63,0.324,1,1,No,Electronics,0
R00152,38,37,3,55.56,0.441,0,0,Yes,Beauty,0
R00153,1,50,1,45.03,0.405,1,1,Yes,Grocery,0
R00154,57,52,9,55.28,0.585,2,2,Yes,Home,0
R00155,28,29,6,10,0,0,0,Yes,Grocery,0
R00156,4,65,5,26.69,0.672,2,2,No,Electronics,1
R00157,39,68,8,55.9,0.158,3,1,Yes,Electronics,0
R00158,36,73,3,91.11,0.5,2,2,Yes,Beauty,0
R00159,26,73,6,101.5,0.102,1,0,Yes,Apparel,0
R00160,52,77,3,66.79,0.297,0,0,Yes,Apparel,0
R00161,27,63,3,79.5,0.345,1,0,Yes,Home,0
R00162,60,59,8,42.25,0.082,0,1,Yes,Home,0
R00163,48,66,5,52.78,0.296,0,0,Yes,Home,0
R00164,61,71,6,39.17,0.498,2,1,No,Beauty,1
R00165,36,59,2,39.42,0.087,0,1,Yes,Electronics,0
R00166,40,40,6,44.82,0.004,0,0,Yes,Apparel,0
R00167,63,24,5,88.91,0.178,1,0,Yes,Apparel,0
R00168,46,61,4,76.66,0.281,1,0,Yes,Beauty,0
R00169,9,36,2,35.36,0.123,0,1,Yes,Home,0
R00170,9,47,2,48.03,0.753,3,1,Yes,Electronics,0
R00171,55,68,8,13.52,0.367,0,0,Yes,Home,0
R00172,11,42,8,91.74,0.598,2,0,Yes,Beauty,0
R00173,13,46,7,72.02,0.006,1,0,Yes,Apparel,1
R00174,26,59,0,29.99,0.566,0,0,Yes,Beauty,0
R00175,53,83,6,62.88,0.118,0,0,Yes,Home,0
R00176,53,20,10,68.22,0.464,1,0,Yes,Electronics,0
R00177,20,75,4,10,0.379,0,0,Yes,Electronics,1
R00178,22,116,1,66.02,0.084,0,0,Yes,Apparel,0
R00179,63,72,6,10,0.373,1,2,No,Home,1
R00180,50,59,1,34.93,0.325,1,0,Yes,Home,0
R00181,59,48,3,106.12,0.164,2,0,Yes,Grocery,0
R00182,19,64,4,29.2,0.268,0,1,Yes,Electronics,0
R00183,45,52,6,52.41,0.027,0,0,Yes,Grocery,0
R00184,49,57,9,64.56,0,1,0,Yes,Beauty,0
R00185,2,99,2,10,0.406,2,1,Yes,Electronics,0
R00186,58,30,8,62.06,0.347,0,0,Yes,Apparel,0
R00187,9,46,3,109.73,0.219,2,1,No,Home,1
R00188,7,81,6,100.31,0.554,2,0,No,Beauty,1
R00189,41,67,5,70.19,0.378,1,0,Yes,Beauty,0
R00190,17,32,4,43.13,0.39,1,2,No,Grocery,1
R00191,49,72,7,42.23,0.477,1,0,Yes,Grocery,1
R00192,4,21,6,100.69,0.396,2,0,No,Home,0
R00193,2,83,2,119.52,0.453,2,1,Yes,Home,0
R00194,19,80,1,67.78,0.049,2,0,Yes,Apparel,0
R00195,12,42,3,35.21,0.441,1,1,No,Beauty,1
R00196,30,47,4,65.19,0.269,0,0,Yes,Apparel,0
R00197,61,67,3,49.5,0.42,2,0,Yes,Apparel,0
R00198,52,43,4,25.13,0.511,2,2,Yes,Beauty,0
R00199,48,46,5,70.3,0.24,1,1,Yes,Apparel,0
R00200,38,73,7,17.52,0.237,0,1,Yes,Electronics,0
R00201,28,97,5,102.52,0.165,1,1,Yes,Apparel,0
R00202,49,56,2,33.68,0.525,0,0,Yes,Home,0
R00203,14,85,4,67.72,0.315,1,0,Yes,Home,0
R00204,56,91,0,55.74,0.148,0,1,Yes,Electronics,1
R00205,50,61,3,81.34,0.163,0,0,Yes,Grocery,0
R00206,38,29,4,99.36,0.026,1,0,Yes,Apparel,0
R00207,12,77,3,98.25,0.25,0,0,Yes,Electronics,0
R00208,13,66,7,66.09,0.081,0,0,Yes,Beauty,0
R00209,2,58,2,61.83,0.054,0,0,Yes,Electronics,0
R00210,32,43,4,17.29,0.437,1,1,Yes,Beauty,0
R00211,9,59,4,69.55,0.122,0,1,Yes,Beauty,0
R00212,34,100,4,60.03,0.423,1,0,Yes,Grocery,0
R00213,28,63,0,42.97,0.494,1,0,Yes,Grocery,1
R00214,15,100,4,33.84,0.287,1,0,Yes,Beauty,0
R00215,39,62,2,69.13,0.071,1,1,Yes,Beauty,0
R00216,56,89,6,106.76,0.267,1,2,Yes,Beauty,0
R00217,63,54,6,25.42,0.426,0,1,Yes,Home,0
R00218,12,51,4,97.39,0.566,1,0,Yes,Electronics,0
R00219,16,90,1,72.9,0.241,0,0,Yes,Apparel,1
R00220,59,47,4,68.95,0.518,1,1,Yes,Electronics,1
R00221,25,54,6,49.85,0.041,2,0,Yes,Electronics,0
R00222,50,66,6,63.57,0.466,0,0,No,Beauty,0
R00223,34,98,7,63.99,0.203,0,2,Yes,Grocery,0
R00224,50,42,4,96.28,0.194,1,1,Yes,Grocery,0
R00225,44,57,3,62.64,0.377,1,1,Yes,Beauty,1
R00226,35,52,5,76.84,0.427,1,1,Yes,Beauty,0
R00227,3,68,4,35,0,1,0,Yes,Apparel,0
R00228,18,96,1,56.87,0.162,0,0,Yes,Apparel,0
R00229,47,48,7,70.52,0.158,0,0,Yes,Beauty,0
R00230,42,39,4,29.18,0.194,1,2,Yes,Apparel,0
R00231,27,49,5,69.41,0.129,1,0,Yes,Electronics,0
R00232,47,46,9,112.65,0.264,0,0,Yes,Beauty,0
R00233,39,103,2,57.88,0.138,0,0,Yes,Grocery,1
R00234,21,29,3,62.3,0.317,1,0,Yes,Electronics,0
R00235,48,31,8,79.94,0.172,0,0,Yes,Electronics,0
R00236,39,53,8,62.86,0.17,0,0,Yes,Beauty,0
R00237,30,99,2,81.39,0.538,0,0,Yes,Electronics,0
R00238,37,45,6,27,0.18,1,0,Yes,Apparel,0
R00239,13,79,4,40.65,0.313,1,1,No,Electronics,0
R00240,11,69,2,69.63,0.53,0,0,No,Grocery,0
R00241,9,41,4,66.67,0,0,0,Yes,Grocery,0
R00242,51,50,7,36.39,0.466,0,0,Yes,Beauty,0
R00243,23,80,3,59.69,0,0,0,Yes,Electronics,0
R00244,56,66,4,24.29,0.377,1,0,Yes,Electronics,0
R00245,36,56,5,70.07,0.35,0,1,Yes,Beauty,0
R00246,46,98,3,10.42,0.637,1,1,Yes,Electronics,1
R00247,31,54,0,77.7,0.012,0,0,Yes,Electronics,0
R00248,51,33,8,26.75,0.175,1,0,Yes,Apparel,0
R00249,47,51,5,43.98,0.246,0,1,Yes,Home,0
R00250,32,52,4,44.41,0.246,0,0,Yes,Apparel,0
R00251,15,34,6,10,0,1,1,Yes,Home,1
R00252,50,40,5,43.34,0,1,0,Yes,Apparel,0
R00253,54,64,8,68.03,0.486,0,2,Yes,Apparel,0
R00254,60,88,6,55.17,0.338,0,0,Yes,Electronics,0
R00255,46,80,3,76.15,0.398,1,0,Yes,Grocery,0
R00256,7,23,4,10,0.35,0,0,Yes,Beauty,0
R00257,4,62,5,44.47,0.323,0,0,Yes,Apparel,0
R00258,25,46,3,38.09,0.433,0,1,No,Grocery,1
R00259,26,53,5,56.81,0.363,1,0,Yes,Apparel,1
R00260,2,101,1,36.78,0,0,0,No,Apparel,1
R00261,37,51,3,65.01,0.159,1,0,Yes,Beauty,0
R00262,39,61,5,31.87,0.36,1,2,Yes,Apparel,0
R00263,15,32,3,81.18,0.318,0,0,Yes,Electronics,0
R00264,39,81,3,68.82,0.199,1,1,Yes,Grocery,1
R00265,45,59,8,14.34,0.361,0,1,Yes,Home,0
R00266,30,97,2,51.62,0.62,2,2,Yes,Beauty,0
R00267,27,48,6,30.12,0.162,1,1,Yes,Electronics,0
R00268,62,44,8,50.91,0.177,1,1,No,Electronics,0
R00269,53,68,7,43.13,0.189,1,1,Yes,Grocery,0
R00270,6,126,2,52.23,0.228,0,0,Yes,Home,0
R00271,29,91,0,62.52,0.249,0,0,No,Electronics,0
R00272,31,34,7,83.78,0.21,1,2,Yes,Home,0
R00273,43,85,2,28.81,0.461,1,2,Yes,Home,1
R00274,38,56,8,37.55,0.232,0,0,Yes,Electronics,1
R00275,56,61,1,70.05,0.237,0,0,Yes,Electronics,0
R00276,51,91,3,49.32,0.1,0,1,Yes,Electronics,1
R00277,5,46,4,40.38,0.216,0,0,Yes,Beauty,0
R00278,35,44,6,43.02,0.058,1,1,Yes,Beauty,0
R00279,19,42,5,53.6,0.214,0,2,Yes,Beauty,0
R00280,9,106,0,74.88,0.44,2,1,No,Apparel,1
R00281,48,86,5,75.57,0.285,2,0,Yes,Beauty,0
R00282,59,65,3,85.63,0.3,0,0,Yes,Beauty,0
R00283,3,90,3,62.93,0.126,2,1,No,Grocery,0
R00284,16,28,4,38.43,0,0,0,Yes,Beauty,0
R00285,18,23,4,42.82,0.585,2,2,Yes,Beauty,0
R00286,5,35,4,76.16,0.516,1,0,Yes,Electronics,0
R00287,12,61,4,10,0.47,1,1,Yes,Beauty,1
R00288,54,38,8,75.59,0.589,2,2,Yes,Apparel,0
R00289,58,36,5,40.94,0,0,1,Yes,Home,0
R00290,35,43,5,28.37,0.169,1,1,No,Grocery,0
R00291,12,48,8,61.4,0.353,0,0,No,Beauty,0
R00292,36,59,7,79.5,0.265,1,1,Yes,Apparel,0
R00293,9,41,6,42.12,0.093,1,0,Yes,Beauty,0
R00294,36,58,9,46.4,0.181,1,0,Yes,Home,0
R00295,30,22,7,43.57,0.171,0,0,Yes,Apparel,0
R00296,38,93,5,63.24,0.459,2,0,Yes,Beauty,0
R00297,5,39,0,89.29,0.345,1,0,Yes,Beauty,0
R00298,39,44,5,68.58,0.498,0,0,No,Home,0
R00299,21,51,9,75.38,0.233,1,1,Yes,Beauty,0
R00300,58,92,4,80.17,0.147,0,0,No,Apparel,0
R00301,44,38,4,24.36,0.405,1,0,Yes,Home,0
R00302,38,40,2,32.46,0.421,0,0,No,Beauty,0
R00303,45,46,7,46,0.495,0,1,Yes,Home,0
R00304,8,54,5,94.03,0,0,1,No,Apparel,0
R00305,22,82,2,75.95,0.21,1,0,Yes,Beauty,0
R00306,60,57,6,47.57,0.261,1,0,Yes,Beauty,0
R00307,5,84,2,21.65,0.077,0,0,Yes,Apparel,0
R00308,10,99,1,49.88,0.254,2,0,Yes,Grocery,0
R00309,40,33,6,47.34,0.446,2,0,Yes,Beauty,0
R00310,40,61,3,65.03,0,0,0,Yes,Grocery,1
R00311,64,82,6,50.03,0.454,2,2,Yes,Home,1
R00312,33,21,6,46.54,0.283,0,0,Yes,Home,0
R00313,35,76,3,51.63,0.366,1,1,Yes,Beauty,1
R00314,38,63,5,39.48,0.434,1,0,Yes,Electronics,1
R00315,57,28,9,10,0.295,1,1,Yes,Home,0
R00316,14,45,7,53.66,0.306,0,0,No,Beauty,0
R00317,8,59,5,10,0.266,1,0,Yes,Electronics,0
R00318,26,27,5,42.09,0.472,0,1,Yes,Grocery,0
R00319,33,60,3,58.06,0.194,0,1,Yes,Apparel,0
R00320,21,73,5,89.74,0.395,0,1,No,Beauty,1
R00321,1,76,2,101.49,0.531,1,0,Yes,Electronics,1
R00322,19,89,5,68.53,0.211,0,0,Yes,Home,0
R00323,12,47,4,59.2,0.506,0,0,No,Grocery,0
R00324,42,31,6,26.34,0.274,2,1,Yes,Apparel,0
R00325,34,41,7,80.6,0.492,2,1,Yes,Beauty,0
R00326,24,75,5,14.2,0.261,2,1,Yes,Beauty,0
R00327,42,28,6,36.49,0.308,1,0,Yes,Grocery,0
R00328,36,69,8,26.65,0.155,1,0,Yes,Grocery,0
R00329,27,25,1,24.09,0.251,2,1,No,Beauty,0
R00330,9,48,4,68.19,0.337,0,0,Yes,Grocery,0
R00331,17,54,9,55.08,0.281,1,0,No,Apparel,1
R00332,20,54,6,90.99,0.047,1,0,Yes,Home,0
R00333,51,52,4,40.61,0.27,0,1,Yes,Apparel,1
R00334,18,86,0,70.73,0.072,1,0,Yes,Apparel,0
R00335,2,46,3,77.11,0.045,1,0,No,Apparel,0
R00336,33,103,0,39.85,0.397,0,0,Yes,Electronics,0
R00337,2,35,6,47.3,0.254,1,1,Yes,Apparel,0
R00338,38,57,3,20.82,0.5,1,0,Yes,Apparel,0
R00339,11,45,3,10,0.116,1,1,Yes,Home,0
R00340,30,58,5,71.12,0.436,0,0,Yes,Apparel,0
R00341,11,55,5,60.9,0.195,0,0,Yes,Grocery,0
R00342,22,65,5,22.12,0.271,0,0,Yes,Beauty,0
R00343,37,55,3,40.21,0.58,3,3,Yes,Apparel,1
R00344,51,58,4,92.23,0.007,0,0,Yes,Grocery,0
R00345,8,47,7,105.41,0.158,0,0,Yes,Apparel,0
R00346,34,65,1,80.08,0.489,1,0,Yes,Apparel,1
R00347,58,84,3,93.23,0,0,0,Yes,Beauty,1
R00348,4,87,2,37.66,0.299,0,1,No,Electronics,1
R00349,26,65,7,38.71,0.293,0,0,No,Home,0
R00350,15,44,1,35.8,0.484,0,1,Yes,Grocery,1
R00351,2,84,5,59.55,0.747,3,3,Yes,Grocery,1
R00352,54,27,6,110.56,0.385,0,1,Yes,Apparel,0
R00353,35,57,10,53.11,0.69,1,0,Yes,Apparel,0
R00354,33,74,3,24.79,0.263,1,1,Yes,Grocery,0
R00355,53,63,7,68.66,0,0,0,Yes,Beauty,0
R00356,8,56,6,37.46,0.137,0,1,Yes,Beauty,0
R00357,6,77,4,67.82,0.289,1,2,Yes,Grocery,0
R00358,32,64,4,35.89,0.197,0,0,No,Beauty,0
R00359,10,105,0,106.3,0.217,0,0,Yes,Electronics,1
R00360,3,57,4,68.99,0.114,0,1,No,Electronics,0
R00361,42,88,4,93.35,0.117,0,2,Yes,Beauty,0
R00362,4,72,4,60.73,0.514,2,1,Yes,Electronics,0
R00363,28,31,4,85.32,0.507,1,1,Yes,Home,0
R00364,45,54,6,17.27,0.224,1,2,Yes,Home,0
R00365,5,51,4,39.92,0.067,0,0,Yes,Apparel,1
R00366,52,76,7,76.2,0.486,0,0,Yes,Apparel,0
R00367,35,46,3,37.47,0.272,1,0,Yes,Apparel,0
R00368,51,62,5,10,0.275,1,1,Yes,Electronics,1
R00369,43,56,3,36.08,0.303,0,0,Yes,Electronics,0
R00370,43,105,3,50.85,0.492,1,2,No,Electronics,1
R00371,14,76,4,55.82,0.72,1,0,No,Grocery,0
R00372,56,84,2,54.32,0.234,1,1,Yes,Apparel,0
R00373,44,94,5,70.64,0,0,0,Yes,Beauty,1
R00374,24,42,5,24.66,0.211,1,1,Yes,Electronics,0
R00375,24,23,3,45.57,0.311,1,0,Yes,Beauty,1
R00376,26,67,6,67.03,0,0,1,Yes,Home,0
R00377,26,52,7,113.41,0.146,2,1,Yes,Electronics,0
R00378,52,90,7,82.92,0.321,0,0,Yes,Electronics,0
R00379,64,52,4,36.61,0.129,0,1,Yes,Grocery,0
R00380,15,55,4,58.7,0.648,1,2,Yes,Electronics,1
R00381,59,49,3,81.63,0.123,0,0,Yes,Grocery,0
R00382,35,58,4,79.08,0.201,0,0,Yes,Apparel,0
R00383,46,80,3,78.66,0.11,0,1,Yes,Apparel,0
R00384,53,99,6,48.81,0.22,2,1,Yes,Home,1
R00385,8,52,6,52.61,0.231,0,0,Yes,Electronics,0
R00386,19,60,5,10,0.268,1,1,Yes,Home,0
R00387,14,87,4,75.76,0.236,0,0,Yes,Beauty,0
R00388,45,37,7,22.54,0.421,2,3,Yes,Home,0
R00389,4,56,6,100.99,0.346,1,0,Yes,Beauty,0
R00390,54,33,3,25.04,0.422,2,1,Yes,Beauty,0
R00391,45,28,3,82.9,0.418,1,0,Yes,Beauty,0
R00392,13,62,4,57.58,0.034,0,0,Yes,Grocery,1
R00393,56,35,4,33.86,0.129,1,0,Yes,Electronics,0
R00394,19,35,5,34.88,0.12,0,0,Yes,Beauty,0
R00395,41,21,4,68.09,0.04,0,1,Yes,Grocery,0
R00396,41,54,6,68.2,0.066,0,0,Yes,Electronics,0
R00397,25,48,7,75.63,0.511,1,0,Yes,Beauty,0
R00398,60,81,6,30.86,0.403,1,1,Yes,Home,0
R00399,47,27,5,48.88,0.512,0,0,Yes,Grocery,0
R00400,60,65,5,24.67,0.084,0,0,Yes,Apparel,0
R00401,63,63,3,35.27,0.445,2,0,Yes,Home,0
R00402,43,75,4,76.65,0.109,1,2,Yes,Grocery,0
R00403,55,32,8,31.19,0.375,0,0,Yes,Grocery,0
R00404,13,51,5,64.02,0.27,0,1,Yes,Home,0
R00405,47,38,8,71.97,0.172,0,0,Yes,Apparel,0
R00406,15,85,3,87.48,0.183,0,0,Yes,Grocery,0
R00407,21,54,4,53.32,0.635,0,0,No,Beauty,1
R00408,2,84,2,52.85,0.321,1,2,No,Electronics,1
R00409,24,26,3,46,0.33,0,0,Yes,Apparel,0
R00410,21,89,3,114.98,0.244,0,1,No,Electronics,0
R00411,56,49,3,46.27,0,0,0,Yes,Grocery,0
R00412,34,51,3,75.08,0.263,0,0,Yes,Apparel,0
R00413,40,58,4,50.58,0.469,1,0,Yes,Apparel,0
R00414,8,87,4,75.52,0.076,1,2,No,Grocery,0
R00415,18,67,8,48.35,0.31,1,0,Yes,Home,0
R00416,56,85,4,10,0.372,1,1,Yes,Electronics,1
R00417,24,66,6,73.55,0.411,2,2,Yes,Apparel,0
R00418,15,75,5,41.66,0.155,2,0,Yes,Apparel,1
R00419,49,29,8,31.74,0.011,0,0,Yes,Home,0
R00420,62,53,1,72.97,0.153,0,0,Yes,Grocery,0
R00421,27,56,5,46.95,0.774,3,1,Yes,Electronics,0
R00422,64,23,8,136.1,0.293,0,0,Yes,Apparel,0
R00423,49,54,8,48.47,0.082,1,0,Yes,Apparel,0
R00424,6,83,5,70.56,0.411,1,0,Yes,Beauty,0
R00425,20,36,5,59.91,0.356,1,1,Yes,Grocery,0
R00426,49,35,8,53.41,0.214,1,1,Yes,Grocery,0
R00427,20,59,9,84.31,0.358,0,1,Yes,Beauty,0
R00428,8,68,4,50.7,0.431,2,2,Yes,Home,1
R00429,15,78,5,83.14,0.597,1,0,Yes,Home,0
R00430,20,47,3,131.76,0.574,0,1,Yes,Home,0
R00431,25,35,5,46.1,0.327,1,1,Yes,Beauty,0
R00432,13,55,5,71.1,0.35,0,0,Yes,Electronics,0
R00433,1,54,4,51.31,0.382,0,0,No,Apparel,0
R00434,28,30,4,47.24,0.227,0,0,Yes,Home,0
R00435,60,49,5,95.65,0.433,0,1,Yes,Electronics,0
R00436,56,46,7,21.11,0,0,0,Yes,Home,0
R00437,6,28,6,80.39,0.314,0,0,No,Grocery,0
R00438,57,49,7,36.53,0.365,2,0,Yes,Electronics,0
R00439,18,85,1,61.46,0.403,2,2,Yes,Home,0
R00440,14,58,3,64.94,0.121,1,0,Yes,Beauty,0
R00441,10,61,2,33.06,0.202,0,0,Yes,Home,0
R00442,24,47,5,45.31,0.168,0,0,Yes,Electronics,0
R00443,40,50,3,84.55,0.386,1,1,Yes,Electronics,0
R00444,22,79,7,58.18,0.38,1,0,Yes,Electronics,0
R00445,50,68,5,45.61,0.46,0,0,Yes,Apparel,1
R00446,49,74,2,10,0.395,0,1,Yes,Apparel,0
R00447,39,71,4,107.48,0.148,0,0,No,Beauty,0
R00448,6,65,4,61.47,0.078,1,2,Yes,Grocery,0
R00449,30,30,5,68.42,0.42,1,0,No,Home,0
R00450,14,36,2,25.85,0.41,1,1,Yes,Home,0
R00451,22,29,7,69.81,0.337,0,0,Yes,Home,0
R00452,37,67,4,31.57,0.216,1,0,Yes,Beauty,0
R00453,7,38,4,50.67,0.389,1,1,Yes,Beauty,0
R00454,42,84,4,65.14,0.355,0,0,Yes,Grocery,1
R00455,35,94,5,31.54,0.227,1,2,Yes,Apparel,1
R00456,7,51,8,51.08,0.456,1,1,Yes,Electronics,0
R00457,24,39,4,36.15,0,0,0,Yes,Grocery,0
R00458,50,36,4,10,0.378,1,0,Yes,Grocery,0
R00459,29,81,3,162.42,0.49,1,1,No,Home,1
R00460,17,69,0,123.83,0.127,0,0,No,Apparel,0
R00461,21,26,5,39.95,0.263,0,0,No,Electronics,0
R00462,29,81,6,38.32,0.455,1,1,Yes,Grocery,0
R00463,27,43,2,63.83,0.286,1,1,Yes,Beauty,0
R00464,45,72,5,87.26,0.323,3,2,Yes,Electronics,0
R00465,30,50,7,71.83,0.376,0,0,Yes,Beauty,0
R00466,37,66,3,17.53,0.02,0,1,Yes,Beauty,0
R00467,63,58,4,46.45,0.56,2,2,No,Home,1
R00468,1,94,2,39.75,0.258,0,0,Yes,Beauty,0
R00469,7,46,6,63.49,0.529,0,0,Yes,Home,0
R00470,51,87,6,10,0.128,0,0,Yes,Beauty,0
R00471,50,80,6,60.7,0.306,0,1,Yes,Grocery,1
R00472,56,60,1,12.08,0,1,0,Yes,Beauty,0
R00473,44,52,7,84.67,0.558,1,0,Yes,Grocery,0
R00474,14,50,5,65.8,0.133,0,1,No,Beauty,0
R00475,38,68,8,39.66,0,0,1,Yes,Apparel,0
R00476,52,44,6,37.28,0.422,3,1,Yes,Grocery,0
R00477,3,54,0,42.32,0.289,1,1,No,Home,1
R00478,53,80,3,34,0.392,1,0,Yes,Beauty,1
R00479,47,46,9,84.61,0.282,1,0,Yes,Electronics,0
R00480,19,100,3,45.15,0.329,0,0,Yes,Grocery,0
R00481,27,70,5,35.44,0.376,1,1,Yes,Apparel,0
R00482,32,45,1,52.38,0.114,0,1,No,Home,0
R00483,40,54,3,91.7,0,0,1,Yes,Home,1
R00484,36,54,3,44.45,0.505,0,0,Yes,Apparel,0
R00485,2,70,5,58.76,0.068,0,0,Yes,Grocery,0
R00486,27,38,2,62.79,0.559,0,0,Yes,Home,0
R00487,12,70,2,119.22,0.465,1,0,Yes,Beauty,0
R00488,15,47,5,32.91,0.314,0,0,Yes,Electronics,1
R00489,59,121,3,67.89,0.674,2,0,Yes,Beauty,1
R00490,28,81,0,10,0.348,2,1,No,Electronics,1
R00491,47,81,6,63.27,0.044,1,0,Yes,Home,0
R00492,54,43,4,27.9,0.424,1,0,Yes,Apparel,0
R00493,59,59,5,60.84,0,0,1,Yes,Beauty,0
R00494,8,104,3,15.09,0.507,1,0,Yes,Home,1
R00495,33,44,6,31.57,0.136,0,0,Yes,Beauty,0
R00496,50,47,2,13.5,0.072,0,1,Yes,Beauty,0
R00497,2,76,2,62.38,0.204,0,1,Yes,Electronics,1
R00498,24,28,5,90.48,0.458,0,0,Yes,Grocery,0
R00499,38,35,4,42.74,0.371,1,2,Yes,Grocery,0
R00500,30,23,7,43.73,0.233,1,0,No,Grocery,0
R00501,38,72,6,19.39,0.252,1,1,Yes,Home,0
R00502,39,48,3,63.8,0.254,1,2,Yes,Beauty,0
R00503,29,53,4,18.98,0.162,0,0,Yes,Grocery,0
R00504,28,51,6,98.02,0.53,2,1,Yes,Grocery,0
R00505,27,36,9,104.19,0.375,0,0,Yes,Beauty,0
R00506,27,42,1,65.34,0.252,2,0,No,Electronics,0
R00507,34,81,5,83.94,0.085,0,0,Yes,Electronics,0
R00508,52,58,6,83.17,0.249,0,0,Yes,Home,0
R00509,55,49,4,46.71,0.334,0,0,Yes,Electronics,0
R00510,52,80,4,31.29,0.284,1,0,Yes,Beauty,0
R00511,50,53,6,71.46,0.464,1,2,Yes,Electronics,1
R00512,35,42,9,30.1,0.413,2,0,Yes,Beauty,0
R00513,31,28,7,134.15,0.368,1,0,Yes,Grocery,0
R00514,58,49,3,74.92,0.062,0,1,Yes,Home,0
R00515,4,58,1,95.67,0.103,0,0,No,Electronics,0
R00516,17,68,0,15.45,0.311,0,1,Yes,Grocery,0
R00517,49,68,4,55.76,0.394,0,1,Yes,Electronics,1
R00518,42,49,6,73.28,0.243,0,1,Yes,Apparel,0
R00519,9,50,1,31.75,0.22,0,2,No,Home,1
R00520,31,47,5,52.62,0.224,0,0,Yes,Beauty,0
R00521,30,41,7,42.27,0.463,1,2,Yes,Grocery,0
R00522,39,51,3,84.76,0.479,0,0,Yes,Beauty,0
R00523,57,62,4,50.31,0.01,0,0,Yes,Grocery,0
R00524,11,51,3,48.32,0.184,0,0,Yes,Electronics,0
R00525,21,89,2,60.56,0.581,1,0,No,Electronics,1
R00526,23,45,5,66.82,0.078,2,0,Yes,Home,0
R00527,14,49,4,78.78,0,1,0,No,Home,0
R00528,19,53,6,56.39,0.232,0,0,Yes,Beauty,0
R00529,39,52,4,26.37,0.281,1,1,Yes,Apparel,1
R00530,23,62,3,56.57,0.116,0,0,Yes,Electronics,0
R00531,1,78,1,49.13,0.413,0,0,Yes,Grocery,1
R00532,10,66,3,37.65,0.452,2,0,Yes,Home,1
R00533,59,35,7,70.16,0.374,0,0,Yes,Beauty,0
R00534,61,57,7,78.3,0.59,1,1,Yes,Beauty,0
R00535,63,31,2,91.2,0.258,0,0,Yes,Electronics,0
R00536,4,43,5,56.9,0.09,0,0,Yes,Apparel,0
R00537,24,36,7,25.58,0.073,0,0,No,Electronics,0
R00538,40,41,9,94.22,0.367,0,0,Yes,Grocery,0
R00539,7,83,6,70.27,0.383,1,2,Yes,Apparel,0
R00540,35,104,6,77.34,0,0,0,Yes,Apparel,1
R00541,63,70,2,110.81,0.146,1,1,Yes,Beauty,0
R00542,16,44,4,63,0.019,0,0,Yes,Home,0
R00543,3,62,4,85.46,0.187,2,0,Yes,Grocery,0
R00544,36,87,1,32.81,0.232,0,1,Yes,Beauty,1
R00545,51,54,7,42.32,0.337,1,1,Yes,Grocery,0
R00546,29,92,1,72.25,0.128,0,0,Yes,Home,0
R00547,43,120,6,73.08,0.33,0,0,Yes,Grocery,0
R00548,25,53,3,37.72,0.312,0,1,Yes,Electronics,0
R00549,35,42,6,48.1,0.192,0,2,Yes,Grocery,0
R00550,41,47,7,69.03,0.195,0,1,Yes,Electronics,0
R00551,50,24,7,18.11,0.245,0,2,Yes,Electronics,0
R00552,8,45,4,19.69,0,0,0,No,Apparel,0
R00553,57,37,7,50.63,0.567,0,0,Yes,Grocery,0
R00554,43,50,3,39.81,0.169,0,0,Yes,Electronics,0
R00555,57,52,6,46.67,0.061,0,0,Yes,Grocery,0
R00556,7,153,1,48.87,0.288,0,0,Yes,Apparel,0
R00557,46,32,5,45.71,0.114,1,0,Yes,Home,0
R00558,1,101,1,45.64,0.392,1,0,No,Apparel,1
R00559,52,47,2,95.74,0.299,1,0,Yes,Electronics,0
R00560,57,70,3,85.54,0.145,1,0,Yes,Apparel,0
R00561,1,94,1,44.96,0.239,2,0,No,Electronics,0
R00562,57,101,4,35.75,0.185,1,1,Yes,Grocery,1
R00563,40,43,5,35.19,0.387,0,0,Yes,Apparel,1
R00564,50,53,7,10,0.347,0,0,Yes,Beauty,0
R00565,9,93,1,82.83,0.192,1,0,No,Grocery,1
R00566,2,83,2,20.97,0.355,1,0,Yes,Home,1
R00567,13,52,8,23.79,0.022,1,0,Yes,Beauty,0
R00568,55,67,6,56.14,0.184,0,0,Yes,Electronics,0
R00569,8,45,6,44.24,0,1,1,Yes,Home,0
R00570,6,65,3,20.65,0.698,2,1,Yes,Apparel,1
R00571,28,52,5,80.21,0.448,0,0,No,Electronics,0
R00572,50,83,5,118.78,0.345,0,0,Yes,Grocery,0
R00573,54,38,6,44.09,0.398,0,0,Yes,Electronics,0
R00574,36,60,7,76.04,0.275,2,1,Yes,Electronics,0
R00575,40,55,7,36.01,0.089,1,0,No,Electronics,1
R00576,8,73,1,61.94,0.418,2,2,Yes,Grocery,1
R00577,46,36,8,67.13,0.545,0,0,Yes,Home,0
R00578,54,99,2,85.26,0.25,0,0,Yes,Grocery,0
R00579,20,35,6,65.18,0.403,0,1,No,Grocery,0
R00580,26,47,1,67.5,0.3,0,0,Yes,Apparel,0
R00581,31,31,7,72.7,0.113,0,0,Yes,Home,0
R00582,10,95,0,106.05,0.459,3,2,Yes,Beauty,0
R00583,46,27,5,25.48,0.029,1,0,No,Electronics,0
R00584,51,66,8,75.42,0.307,1,0,Yes,Beauty,0
R00585,57,36,4,93.1,0.077,1,1,Yes,Grocery,0
R00586,25,62,3,98.02,0.545,1,1,Yes,Electronics,0
R00587,42,35,9,24.51,0.208,0,0,Yes,Beauty,0
R00588,46,50,8,64.47,0.421,0,0,Yes,Beauty,1
R00589,51,46,6,78.22,0.313,0,0,Yes,Beauty,0
R00590,14,49,3,73.33,0,0,1,Yes,Beauty,0
R00591,42,50,3,68.11,0.313,1,0,Yes,Home,0
R00592,1,56,3,74,0.583,2,0,No,Beauty,0
R00593,10,50,1,63.59,0.201,1,1,No,Apparel,1
R00594,4,93,6,78.23,0.149,1,0,Yes,Beauty,0
R00595,32,52,3,60.28,0.411,0,1,Yes,Electronics,0
R00596,45,28,5,20.82,0,0,1,Yes,Apparel,0
R00597,33,56,4,56.64,0.115,0,0,Yes,Home,0
R00598,61,40,7,53.07,0.176,1,0,Yes,Home,0
R00599,52,42,5,54.56,0.335,0,1,Yes,Apparel,0
R00600,62,60,5,17.42,0.008,0,1,Yes,Home,0
R00601,9,54,2,43.88,0.057,1,0,No,Grocery,0
R00602,15,126,3,105.66,0.458,1,2,No,Home,1
R00603,47,49,6,45.31,0.094,0,0,Yes,Grocery,0
R00604,1,30,5,102.93,0.082,2,1,No,Electronics,0
R00605,47,62,6,51.34,0.071,1,1,Yes,Home,1
R00606,52,50,9,51.86,0.412,1,0,Yes,Grocery,0
R00607,53,24,8,78.25,0.183,1,1,Yes,Beauty,0
R00608,16,67,3,58.18,0.222,0,2,Yes,Apparel,1
R00609,37,76,4,55.7,0.353,1,0,Yes,Grocery,1
R00610,18,56,9,139.67,0.276,1,1,Yes,Apparel,0
R00611,37,59,2,61.2,0.515,3,0,Yes,Beauty,0
R00612,28,59,3,62.15,0.34,1,2,Yes,Grocery,0
R00613,40,23,7,84.92,0.514,1,1,Yes,Apparel,0
R00614,56,55,5,90.46,0.517,1,0,Yes,Grocery,0
R00615,22,62,6,59.51,0.411,0,0,Yes,Home,0
R00616,56,83,9,160.57,0.605,1,1,Yes,Grocery,0
R00617,41,70,2,58.49,0.256,1,0,Yes,Grocery,1
R00618,17,58,5,10,0.315,1,1,Yes,Apparel,0
R00619,64,73,3,42.28,0.125,2,1,Yes,Home,0
R00620,7,86,1,62.39,0.108,1,0,Yes,Electronics,0
R00621,9,39,4,50.9,0.346,2,1,No,Grocery,0
R00622,3,87,2,52.23,0.215,1,1,Yes,Grocery,1
R00623,14,74,1,73.97,0.337,1,1,No,Home,1
R00624,40,76,4,38.8,0.289,1,1,Yes,Grocery,0
R00625,62,57,4,20.18,0.291,0,0,Yes,Electronics,0
R00626,34,37,7,53.53,0.381,0,0,No,Electronics,1
R00627,60,51,7,57.27,0.289,2,2,Yes,Grocery,0
R00628,11,100,0,54.19,0.386,0,0,No,Apparel,1
R00629,62,59,4,64.01,0.234,2,2,Yes,Electronics,0
R00630,32,43,9,88.39,0.228,0,0,Yes,Grocery,0
R00631,32,22,8,62.77,0.178,1,0,Yes,Grocery,0
R00632,25,60,4,73.44,0.622,1,0,No,Electronics,1
R00633,22,52,0,48.28,0.308,1,1,No,Beauty,1
R00634,22,77,5,85.4,0.254,0,0,Yes,Beauty,0
R00635,46,54,6,39.62,0.632,2,1,Yes,Apparel,0
R00636,47,70,7,55.25,0.293,0,0,Yes,Grocery,0
R00637,59,89,3,68.43,0.312,0,1,Yes,Home,0
R00638,36,69,2,86.7,0,0,0,Yes,Beauty,0
R00639,29,42,4,53.69,0.327,0,1,Yes,Apparel,0
R00640,34,50,5,80.49,0.378,1,0,Yes,Home,0
R00641,48,55,7,35.67,0.07,0,0,Yes,Grocery,0
R00642,60,66,7,82.05,0.437,0,1,Yes,Electronics,0
R00643,44,70,4,97.43,0.545,1,0,Yes,Beauty,0
R00644,11,91,8,58.47,0.377,1,0,No,Home,0
R00645,13,55,6,90.31,0.122,0,0,Yes,Grocery,0
R00646,42,47,11,78.33,0,0,0,Yes,Home,0
R00647,55,91,3,77.04,0.249,1,1,Yes,Apparel,0
R00648,48,83,2,100.48,0.301,1,0,Yes,Grocery,1
R00649,8,66,3,121.22,0.069,0,1,No,Apparel,0
R00650,38,22,6,92.86,0,0,0,Yes,Grocery,0
R00651,63,51,7,20.26,0.525,1,1,Yes,Beauty,0
R00652,61,66,9,48.15,0.382,1,0,Yes,Apparel,0
R00653,41,68,2,31.14,0.494,0,1,Yes,Home,0
R00654,46,46,5,111.88,0.11,0,0,Yes,Grocery,0
R00655,18,45,5,54.89,0.067,0,0,Yes,Electronics,0
R00656,28,99,4,55.95,0.392,2,1,Yes,Beauty,0
R00657,62,36,5,62.16,0.38,2,1,Yes,Beauty,0
R00658,24,98,3,48.28,0.398,1,1,Yes,Grocery,1
R00659,24,66,7,54.01,0.415,1,1,Yes,Grocery,1
R00660,54,59,4,80.88,0.259,1,0,Yes,Home,0
R00661,30,63,3,27.99,0.733,4,0,No,Apparel,1
R00662,11,50,3,104.1,0.322,0,1,Yes,Grocery,1
R00663,28,51,5,10.18,0.238,2,0,Yes,Home,0
R00664,31,69,8,21.49,0.321,2,1,No,Beauty,0
R00665,18,45,7,41.48,0.508,1,0,No,Grocery,0
R00666,20,61,0,38.78,0.136,0,1,Yes,Beauty,0
R00667,11,72,4,109.38,0.236,0,1,Yes,Apparel,1
R00668,47,31,5,32.56,0.207,1,1,Yes,Apparel,1
R00669,17,93,2,43.41,0.215,1,0,Yes,Grocery,0
R00670,38,52,4,69.54,0.292,0,0,Yes,Apparel,0
R00671,64,51,9,23.9,0.027,0,2,Yes,Apparel,0
R00672,58,26,8,79.87,0.407,1,0,Yes,Apparel,0
R00673,48,28,7,91.75,0.438,1,0,Yes,Apparel,0
R00674,22,117,0,47.35,0.187,0,0,Yes,Home,1
R00675,1,93,5,33.08,0.431,1,0,Yes,Grocery,1
R00676,21,57,7,90.67,0.347,0,1,Yes,Beauty,1
R00677,8,52,3,77.7,0.306,0,0,No,Home,0
R00678,57,55,2,28.25,0.075,1,0,Yes,Beauty,0
R00679,30,81,2,86.1,0.583,1,1,No,Home,1
R00680,37,23,7,69.88,0.282,0,0,Yes,Beauty,0
R00681,51,51,5,89.56,0.31,1,1,Yes,Apparel,0
R00682,63,50,2,59.04,0.342,1,1,Yes,Electronics,0
R00683,49,60,4,28.79,0.247,1,1,Yes,Home,0
R00684,31,57,1,75.5,0.08,0,1,Yes,Electronics,0
R00685,46,62,5,115.6,0.483,2,1,Yes,Electronics,0
R00686,33,28,4,17.22,0.366,0,0,Yes,Home,0
R00687,49,55,7,69.22,0.21,0,2,Yes,Beauty,0
R00688,22,69,5,68.09,0,0,0,Yes,Home,0
R00689,4,77,1,47.37,0.154,1,2,No,Home,1
R00690,53,84,4,22.25,0.207,0,2,Yes,Electronics,0
R00691,29,81,2,51.63,0.241,1,1,Yes,Home,0
R00692,27,56,6,10,0.244,3,0,Yes,Home,0
R00693,12,48,1,48.83,0.198,1,0,No,Apparel,1
R00694,57,81,3,91.59,0.419,0,1,Yes,Beauty,0
R00695,8,69,4,28.23,0.246,0,0,No,Electronics,0
R00696,52,105,2,75.03,0.453,2,0,Yes,Electronics,0
R00697,43,35,6,117.25,0.233,1,1,Yes,Electronics,0
R00698,23,36,2,28.38,0.407,0,0,No,Apparel,0
R00699,32,71,7,38.68,0.405,0,0,Yes,Electronics,0
R00700,10,27,3,10,0.239,0,1,Yes,Beauty,0
R00701,9,49,0,10,0.374,2,1,Yes,Apparel,1
R00702,31,60,6,68.61,0.353,0,1,Yes,Beauty,0
R00703,62,46,7,79.36,0.446,1,2,Yes,Beauty,0
R00704,6,45,6,97.37,0.15,1,0,Yes,Electronics,0
R00705,5,25,3,41.44,0.535,0,0,Yes,Grocery,0
R00706,58,89,7,19.87,0.525,1,0,Yes,Home,1
R00707,39,37,2,74.57,0,0,0,Yes,Beauty,0
R00708,9,27,2,77.49,0.475,1,1,No,Apparel,1
R00709,48,37,4,71.12,0.211,1,2,Yes,Home,0
R00710,59,58,8,20.45,0.489,1,2,Yes,Grocery,0
R00711,7,46,3,38.2,0.218,0,0,Yes,Home,0
R00712,55,27,6,52.83,0.386,1,1,Yes,Beauty,0
R00713,60,53,8,82.94,0.24,0,0,Yes,Grocery,0
R00714,51,41,4,81.35,0.139,0,0,Yes,Beauty,0
R00715,55,66,3,54.1,0.437,2,2,Yes,Grocery,1
R00716,39,84,6,31.19,0.504,0,0,Yes,Home,0
R00717,20,76,2,79.29,0,0,0,No,Apparel,1
R00718,23,44,4,41.06,0.242,0,1,Yes,Home,0
R00719,30,44,5,34.61,0.225,0,0,Yes,Home,0
R00720,21,45,6,90.12,0.085,1,1,Yes,Home,0
R00721,2,20,4,48.56,0.193,0,0,Yes,Grocery,0
R00722,54,48,7,35.85,0.371,1,0,Yes,Grocery,0
R00723,7,49,4,63.78,0.348,0,0,No,Beauty,1
R00724,53,37,11,66.98,0.303,1,0,Yes,Apparel,0
R00725,60,104,3,77.71,0.517,0,1,Yes,Beauty,1
R00726,13,112,6,85.81,0.275,1,0,Yes,Beauty,0
R00727,52,32,7,47.22,0.324,2,1,Yes,Grocery,0
R00728,14,48,6,91.64,0.507,1,0,Yes,Electronics,0
R00729,2,61,4,129.57,0.286,0,0,Yes,Grocery,0
R00730,53,67,7,73.87,0,0,0,Yes,Grocery,1
R00731,53,34,7,10,0.296,2,0,Yes,Beauty,0
R00732,45,62,6,17.87,0.043,1,2,Yes,Grocery,0
R00733,19,34,4,71.91,0.186,0,0,No,Home,0
R00734,25,97,3,83.3,0.435,2,2,Yes,Electronics,0
R00735,54,59,3,42.4,0.14,0,0,Yes,Apparel,0
R00736,53,119,0,11.82,0.271,0,0,Yes,Home,1
R00737,11,58,4,54.28,0.173,1,1,Yes,Grocery,0
R00738,39,48,5,10,0.1,0,1,Yes,Home,0
R00739,34,54,6,100.91,0,0,1,No,Grocery,0
R00740,5,63,2,33.15,0.479,1,0,Yes,Apparel,0
R00741,32,73,2,78.44,0.23,1,0,Yes,Home,0
R00742,39,36,2,38.24,0.12,0,0,Yes,Home,0
R00743,23,38,9,92.65,0.247,0,0,Yes,Home,0
R00744,5,70,3,64.5,0.235,1,1,No,Home,0
R00745,12,83,7,81.13,0.647,0,0,Yes,Electronics,0
R00746,13,43,3,51.61,0.494,0,0,No,Home,0
R00747,1,63,4,64.88,0.476,1,0,No,Beauty,1
R00748,41,65,6,31.68,0.202,0,0,Yes,Home,0
R00749,7,105,2,10,0.552,0,0,Yes,Grocery,0
R00750,55,80,4,96.36,0.397,2,2,Yes,Grocery,0
R00751,19,63,5,28.3,0.365,2,2,Yes,Electronics,0
R00752,26,65,2,69.03,0.36,1,1,Yes,Beauty,0
R00753,42,34,3,22.67,0.393,1,2,Yes,Grocery,0
R00754,8,40,4,32.51,0.645,3,1,Yes,Apparel,0
R00755,1,50,1,46.62,0.261,0,0,No,Electronics,1
R00756,31,73,5,46.93,0.233,1,2,Yes,Electronics,0
R00757,16,105,3,20.55,0.384,1,0,Yes,Electronics,1
R00758,33,34,5,37.22,0.37,1,0,Yes,Apparel,0
R00759,25,29,5,62.92,0.394,1,0,Yes,Grocery,0
R00760,32,54,4,18.52,0.164,0,0,Yes,Home,1
R00761,43,45,6,47.2,0.363,1,0,Yes,Home,1
R00762,34,81,6,94.54,0.273,0,1,Yes,Home,0
R00763,24,52,5,62.29,0.283,1,2,Yes,Home,1
R00764,28,61,3,51.94,0.559,2,0,Yes,Grocery,0
R00765,21,47,5,54.83,0.37,1,0,Yes,Electronics,0
R00766,28,46,5,56.19,0.531,1,2,Yes,Beauty,0
R00767,2,45,6,64.34,0.158,1,2,No,Home,0
R00768,21,70,2,10,0.074,1,1,No,Beauty,1
R00769,39,31,6,70.16,0.404,0,1,Yes,Home,0
R00770,14,41,1,98.7,0.551,0,0,Yes,Grocery,0
R00771,18,49,5,71.87,0.13,0,0,No,Electronics,0
R00772,12,68,2,32.9,0.602,2,1,Yes,Beauty,0
R00773,43,80,3,45.8,0.282,1,1,Yes,Home,1
R00774,32,49,3,90.25,0.298,1,1,No,Electronics,1
R00775,13,29,2,70.87,0,0,0,Yes,Electronics,0
R00776,50,47,7,72.64,0.12,0,0,No,Electronics,0
R00777,8,43,6,91.6,0.329,0,0,Yes,Apparel,0
R00778,11,69,2,38.94,0.145,1,2,No,Beauty,1
R00779,62,106,3,38.48,0.419,1,0,Yes,Grocery,1
R00780,7,57,7,50.89,0.38,0,0,No,Grocery,0
R00781,41,55,6,54.54,0.495,2,1,Yes,Grocery,0
R00782,31,58,7,119.14,0.356,0,1,Yes,Electronics,0
R00783,25,32,5,29.22,0,0,0,No,Electronics,0
R00784,24,38,9,39.22,0.239,1,1,No,Apparel,0
R00785,13,64,0,50.37,0,0,0,Yes,Beauty,0
R00786,11,61,8,81.52,0.223,1,1,Yes,Apparel,0
R00787,47,44,2,10,0.293,0,0,Yes,Apparel,0
R00788,27,59,4,29.23,0,0,1,Yes,Electronics,0
R00789,64,79,0,99.19,0.255,0,1,Yes,Grocery,1
R00790,43,51,5,57.11,0.025,0,1,Yes,Beauty,0
R00791,64,46,6,68.69,0.534,0,1,Yes,Grocery,0
R00792,28,69,2,35.83,0,0,0,Yes,Home,0
R00793,45,107,4,119.48,0.719,2,1,Yes,Grocery,0
R00794,56,53,6,80.89,0.282,0,1,Yes,Home,0
R00795,20,59,1,71.01,0.155,0,0,Yes,Electronics,0
R00796,33,55,5,48.98,0.195,1,0,Yes,Home,1
R00797,61,37,10,39.05,0.395,1,1,Yes,Apparel,0
R00798,30,26,6,33.13,0.407,0,1,Yes,Home,0
R00799,53,68,8,39.62,0.295,1,1,Yes,Grocery,1
R00800,55,43,3,87.47,0.425,2,2,Yes,Grocery,0
R00801,64,47,9,10.1,0.25,0,0,Yes,Grocery,0
R00802,58,67,7,58.8,0.376,1,1,Yes,Apparel,0
R00803,21,55,3,84.56,0.37,0,0,Yes,Home,0
R00804,33,47,3,65.04,0.6,0,0,Yes,Grocery,0
R00805,43,35,4,53.81,0.108,0,1,Yes,Home,0
R00806,6,31,2,42.91,0.534,1,0,No,Beauty,1
R00807,55,80,7,79.17,0.414,0,0,Yes,Grocery,0
R00808,40,58,8,10.51,0.14,2,1,Yes,Apparel,0
R00809,22,31,4,95.89,0.278,1,0,Yes,Home,0
R00810,23,115,1,84.31,0.231,2,3,Yes,Apparel,0
R00811,57,43,7,83.94,0.021,0,0,Yes,Apparel,0
R00812,48,41,8,96.57,0.121,0,1,Yes,Grocery,0
R00813,37,51,3,84.15,0.522,4,4,Yes,Grocery,0
R00814,22,57,7,48.5,0.015,0,0,Yes,Grocery,0
R00815,3,57,3,21.27,0.426,1,2,No,Electronics,1
R00816,34,66,9,110.87,0.367,0,0,Yes,Beauty,0
R00817,52,33,8,21.31,0.035,0,0,Yes,Beauty,0
R00818,6,40,5,72.27,0.484,1,2,Yes,Home,0
R00819,10,45,3,35.54,0.319,0,0,Yes,Apparel,0
R00820,19,68,4,44.64,0.176,0,0,Yes,Electronics,0
R00821,35,49,4,80.45,0.205,0,0,Yes,Electronics,0
R00822,3,63,2,79.12,0.464,1,1,Yes,Home,1
R00823,28,44,5,32.8,0.229,2,0,Yes,Grocery,0
R00824,22,51,5,65.58,0.38,1,1,No,Home,0
R00825,24,99,2,56.56,0.102,0,1,Yes,Apparel,1
R00826,3,147,4,77.16,0.155,1,1,Yes,Apparel,0
R00827,45,94,1,54.57,0.157,1,2,Yes,Beauty,1
R00828,32,42,0,36.94,0.077,0,0,Yes,Electronics,0
R00829,8,73,7,94.91,0.022,0,1,No,Home,0
R00830,28,63,3,10,0.436,1,0,Yes,Apparel,0
R00831,46,45,5,14.84,0,1,1,Yes,Home,0
R00832,17,60,2,73.51,0.429,1,1,Yes,Apparel,1
R00833,2,41,6,40.55,0.092,0,0,Yes,Home,0
R00834,37,48,4,54.4,0.708,2,1,No,Grocery,1
R00835,24,22,3,67.59,0.019,1,2,Yes,Beauty,0
R00836,42,59,5,86.87,0.663,1,1,Yes,Beauty,0
R00837,54,26,6,42.78,0.172,1,0,Yes,Grocery,0
R00838,45,64,4,49.54,0,0,0,Yes,Electronics,0
R00839,63,72,11,68.1,0.353,1,0,Yes,Electronics,0
R00840,51,49,5,37.16,0.224,1,0,Yes,Home,0
R00841,32,26,6,12.7,0.141,0,0,Yes,Apparel,0
R00842,55,71,5,10,0.589,0,0,Yes,Electronics,0
R00843,48,90,2,63.64,0,1,0,Yes,Electronics,1
R00844,31,62,3,49.7,0.086,0,0,Yes,Electronics,0
R00845,6,34,4,34.45,0.056,0,0,Yes,Electronics,0
R00846,21,43,3,68.74,0.046,2,0,Yes,Grocery,0
R00847,46,75,4,10,0.163,0,0,Yes,Apparel,0
R00848,31,28,7,58.77,0.363,0,0,Yes,Apparel,0
R00849,23,77,3,47.15,0.37,0,1,No,Electronics,1
R00850,45,76,4,10,0.218,0,1,Yes,Apparel,1
R00851,11,31,3,99.56,0.244,1,1,Yes,Apparel,0
R00852,6,62,3,10,0.45,1,0,No,Apparel,0
R00853,12,25,7,92.09,0.253,0,1,No,Grocery,0
R00854,7,33,7,32.11,0.535,2,2,Yes,Beauty,0
R00855,62,63,8,86.05,0,0,0,Yes,Apparel,0
R00856,11,69,1,35.94,0,0,1,Yes,Beauty,0
R00857,23,82,6,21.91,0.474,1,2,Yes,Apparel,0
R00858,11,36,4,37.38,0.315,1,1,Yes,Grocery,0
R00859,15,85,4,26.78,0.517,1,0,No,Electronics,1
R00860,35,64,7,70.01,0.27,1,1,Yes,Grocery,1
R00861,17,99,0,58.23,0.032,1,0,Yes,Beauty,1
R00862,42,54,5,97.29,0.473,1,1,Yes,Electronics,0
R00863,57,74,2,64.8,0.426,1,1,Yes,Home,0
R00864,27,69,4,45.23,0.334,1,0,Yes,Grocery,1
R00865,17,91,0,70.43,0.349,2,2,No,Grocery,1
R00866,8,56,8,10,0,0,0,No,Apparel,0
R00867,61,77,3,42.68,0.51,2,1,Yes,Beauty,0
R00868,20,60,1,83.13,0.242,0,3,Yes,Electronics,0
R00869,62,47,5,83.32,0.275,1,0,Yes,Grocery,0
R00870,14,57,3,32.64,0.268,0,0,Yes,Electronics,0
R00871,55,32,6,54.87,0.095,0,1,Yes,Apparel,0
R00872,39,31,7,92.25,0.355,0,0,Yes,Beauty,1
R00873,32,24,5,84.16,0.407,2,1,Yes,Apparel,0
R00874,40,61,7,70.03,0.338,1,0,Yes,Apparel,0
R00875,57,102,3,102.97,0.411,1,0,Yes,Grocery,1
R00876,36,54,4,67.66,0.057,0,0,Yes,Home,0
R00877,62,73,6,72.77,0.159,2,2,Yes,Beauty,0
R00878,50,31,7,99.7,0.147,2,1,Yes,Beauty,0
R00879,47,31,5,29,0.252,2,1,Yes,Home,0
R00880,11,85,3,67.69,0.164,0,0,No,Home,0
R00881,39,50,4,78.49,0.156,0,2,Yes,Home,0
R00882,3,45,4,42.05,0.187,0,0,Yes,Grocery,0
R00883,17,60,4,61.79,0.44,0,0,No,Home,0
R00884,4,50,1,87.5,0,1,0,No,Beauty,0
R00885,59,29,0,25.5,0,0,0,Yes,Home,1
R00886,40,43,3,53.56,0.081,1,1,Yes,Grocery,0
R00887,2,76,5,82.6,0.197,0,0,No,Grocery,0
R00888,37,91,4,137.99,0.707,1,1,Yes,Grocery,0
R00889,32,61,6,70.88,0.466,0,0,Yes,Home,1
R00890,29,51,5,92.65,0.342,1,0,Yes,Apparel,0
R00891,46,22,6,100.8,0.324,0,0,Yes,Electronics,0
R00892,42,63,4,104.13,0.177,1,0,Yes,Beauty,0
R00893,49,50,8,59.97,0.167,0,0,Yes,Apparel,0
R00894,38,57,8,65.86,0.311,2,1,Yes,Apparel,0
R00895,53,32,8,108.56,0.416,1,0,No,Home,0
R00896,22,71,6,84.3,0.193,0,0,Yes,Beauty,0
R00897,9,46,9,66.32,0.246,2,1,Yes,Electronics,0
R00898,48,37,5,49.57,0.174,1,0,Yes,Beauty,0
R00899,40,142,0,49.71,0.424,0,0,Yes,Beauty,1
R00900,2,74,4,31.65,0.303,1,1,Yes,Apparel,0
R00901,37,86,1,88.78,0.248,1,0,Yes,Apparel,1
R00902,50,32,8,17.62,0.263,1,0,Yes,Beauty,0
R00903,31,51,4,47.54,0.168,1,0,Yes,Grocery,0
R00904,60,64,6,10,0.311,1,1,Yes,Grocery,0
R00905,63,90,6,21.97,0.505,1,0,Yes,Electronics,0
R00906,54,80,0,65.05,0.101,2,1,Yes,Home,1
R00907,52,29,7,15.8,0.326,2,2,Yes,Beauty,0
R00908,4,68,5,61.14,0.609,2,1,Yes,Grocery,0
R00909,4,61,6,79.19,0.209,0,1,Yes,Electronics,0
R00910,28,87,1,76.71,0.134,1,0,Yes,Home,0
R00911,54,66,2,84.75,0.541,1,0,Yes,Electronics,0
R00912,13,57,4,122.25,0.407,1,0,Yes,Grocery,0
R00913,31,76,4,47.56,0.251,0,0,No,Grocery,0
R00914,25,95,3,51.67,0.451,2,2,Yes,Home,0
R00915,1,88,3,48.33,0.038,0,0,Yes,Home,1
R00916,43,55,5,81.98,0,0,0,No,Grocery,0
R00917,29,23,3,62.77,0,0,1,Yes,Beauty,0
R00918,32,76,5,48.5,0.519,2,2,Yes,Electronics,1
R00919,30,40,4,69.06,0.036,1,1,Yes,Home,0
R00920,55,55,4,53.41,0.262,1,1,Yes,Grocery,0
R00921,12,46,6,106.58,0.16,1,0,Yes,Grocery,0
R00922,1,28,8,73.69,0.181,0,2,Yes,Grocery,0
R00923,17,62,1,53.97,0.081,0,0,Yes,Apparel,0
R00924,20,65,5,80.14,0.431,2,1,Yes,Electronics,0
R00925,22,64,2,42.9,0.296,0,0,No,Electronics,0
R00926,18,37,3,52.22,0.184,1,0,Yes,Electronics,0
R00927,56,63,5,10,0.104,0,0,Yes,Beauty,0
R00928,10,64,3,42.64,0.034,0,0,No,Beauty,0
R00929,48,53,4,63.33,0.396,1,0,Yes,Grocery,0
R00930,7,70,3,87.91,0.243,1,2,Yes,Grocery,1
R00931,50,29,9,62.46,0,1,0,Yes,Home,0
R00932,64,48,7,36.06,0.24,1,1,Yes,Electronics,0
R00933,31,57,1,10.73,0.306,1,0,Yes,Electronics,1
R00934,59,19,8,60.38,0,0,0,Yes,Home,0
R00935,24,44,2,37.4,0.416,0,1,No,Grocery,0
R00936,47,74,5,27.92,0.597,2,1,Yes,Electronics,0
R00937,28,61,8,56.34,0.435,1,1,Yes,Home,0
R00938,21,34,2,109.36,0.406,2,0,No,Beauty,0
R00939,27,76,5,136.71,0.515,2,1,Yes,Grocery,0
R00940,30,55,4,79.03,0.252,1,1,Yes,Electronics,1
R00941,36,39,6,67.69,0.217,1,1,Yes,Beauty,0
R00942,3,81,2,27.37,0.374,2,0,No,Home,0
R00943,43,84,4,78.72,0.125,0,0,Yes,Electronics,1
R00944,38,22,6,54.78,0.356,0,1,Yes,Home,0
R00945,15,49,2,10,0.45,2,0,Yes,Apparel,1
R00946,38,78,5,62.83,0.352,0,0,Yes,Grocery,0
R00947,13,54,2,61.45,0.384,1,0,No,Electronics,1
R00948,6,92,3,90.64,0.052,0,0,No,Beauty,0
R00949,5,45,4,103.35,0.639,2,2,No,Apparel,1
R00950,53,57,6,61.21,0.41,1,0,Yes,Electronics,0
R00951,25,48,5,67.84,0.338,3,0,Yes,Grocery,0
R00952,19,25,4,37.88,0.248,0,0,Yes,Apparel,0
R00953,24,74,2,56.21,0.605,1,1,No,Apparel,1
R00954,5,27,11,42.7,0.173,1,0,Yes,Apparel,0
R00955,39,33,9,57.95,0,0,0,Yes,Electronics,0
R00956,5,124,0,60.46,0.165,2,3,No,Apparel,1
R00957,55,42,9,113.52,0.281,0,0,Yes,Grocery,0
R00958,21,26,6,44.43,0.105,1,0,Yes,Apparel,0
R00959,32,71,7,75.31,0.18,0,0,Yes,Electronics,0
R00960,18,54,7,17.38,0,1,1,No,Beauty,0
R00961,39,56,3,57.93,0.348,0,0,Yes,Apparel,0
R00962,35,74,2,30.12,0.382,1,1,Yes,Home,1
R00963,56,74,6,92.32,0.523,2,0,Yes,Electronics,0
R00964,50,57,10,57.92,0.292,1,0,Yes,Electronics,0
R00965,42,61,8,10,0.358,2,1,Yes,Electronics,0
R00966,47,37,1,62.8,0.403,1,0,Yes,Beauty,0
R00967,27,75,5,55.5,0.543,1,0,Yes,Beauty,0
R00968,10,61,5,82.89,0.326,0,1,No,Apparel,0
R00969,10,32,2,85.89,0.161,0,0,Yes,Electronics,0
R00970,60,26,7,72.72,0.211,0,0,Yes,Electronics,0
R00971,26,85,5,60.11,0.093,0,0,Yes,Electronics,0
R00972,32,72,2,76.13,0.446,0,0,Yes,Beauty,1
R00973,47,81,6,46.24,0.346,0,0,Yes,Beauty,0
R00974,3,42,4,19.7,0.284,1,0,No,Electronics,0
R00975,13,68,4,59.41,0.428,1,1,No,Grocery,1
R00976,4,32,5,44.77,0.046,0,1,Yes,Beauty,0
R00977,59,80,4,91.02,0.373,0,1,Yes,Home,0
R00978,50,38,6,66.04,0.492,2,1,Yes,Electronics,0
R00979,54,21,6,45.77,0.018,0,1,Yes,Home,0
R00980,44,50,3,58.54,0.314,2,0,Yes,Home,0
R00981,58,49,4,84.2,0.385,1,1,Yes,Apparel,0
R00982,44,79,5,47.25,0.113,0,1,Yes,Electronics,0
R00983,20,54,5,56.12,0.303,0,0,Yes,Home,0
R00984,23,100,1,68.35,0.32,0,0,Yes,Apparel,0
R00985,64,49,7,71.05,0.328,1,1,Yes,Grocery,0
R00986,40,32,4,110.77,0.234,0,0,Yes,Apparel,0
R00987,22,57,1,59.94,0.609,1,0,Yes,Electronics,1
R00988,3,53,4,68.77,0.352,0,0,Yes,Beauty,0
R00989,35,64,2,68.95,0.197,2,2,Yes,Grocery,0
R00990,31,58,2,113.31,0.224,0,0,No,Grocery,0
R00991,15,98,1,36.43,0.502,1,0,No,Grocery,1
R00992,46,84,1,63.31,0.425,1,0,No,Electronics,1
R00993,29,66,1,14.14,0.159,0,0,Yes,Apparel,0
R00994,28,52,5,123.7,0.734,0,0,No,Grocery,0
R00995,7,93,0,53.35,0.164,0,0,Yes,Home,0
R00996,18,47,5,74.17,0.706,1,0,Yes,Apparel,0
R00997,26,44,7,57.1,0.045,0,0,Yes,Home,0
R00998,36,75,3,25.82,0.595,2,2,Yes,Beauty,1
R00999,12,62,3,44.02,0.356,0,0,No,Apparel,1
R01000,3,47,1,64.64,0.457,1,2,Yes,Electronics,1
