customer_id,tenure_months,orders_12m,avg_order_value,return_rate,email_click_rate,loyalty_points,support_tickets,acquisition_channel,region,lifetime_value_12m
C00001,22,5,52.67,0.11,0.172,161,1,Search,Midwest,284.26
C00002,49,6,85,0.161,0.179,432,1,Organic,Midwest,653.3
C00003,46,8,47.02,0.125,0.251,370,2,Referral,Northeast,459.57
C00004,58,14,64.86,0.11,0.247,806,1,Organic,Northeast,1256.49
C00005,60,5,67.68,0.229,0.291,336,2,Referral,West,479.02
C00006,48,6,32.45,0.08,0.113,155,1,Organic,South,213.64
C00007,2,4,52.88,0.201,0.085,142,1,Store,Northeast,157.32
C00008,57,9,61.08,0.081,0.193,547,0,Store,West,856.07
C00009,28,10,64.86,0.18,0.248,513,1,Paid social,West,689.51
C00010,30,8,45.61,0.05,0.221,368,2,Store,West,343.55
C00011,71,6,98.04,0.123,0.416,673,0,Referral,West,892.6
C00012,56,1,54.71,0.001,0.155,44,2,Paid social,Midwest,68.46
C00013,15,9,14.46,0.219,0.131,154,2,Referral,Midwest,81.91
C00014,26,7,72.38,0.183,0.187,338,2,Organic,Northeast,396.99
C00015,33,8,93.12,0.062,0.234,547,2,Organic,Midwest,917.37
C00016,54,9,91.76,0.054,0.377,883,1,Store,West,1237.4
C00017,15,7,72.51,0.16,0.191,348,0,Search,Midwest,471.8
C00018,3,6,33.27,0.177,0.302,173,0,Organic,South,75.98
C00019,44,3,41.98,0.166,0.171,92,1,Organic,West,106.67
C00020,38,7,72.63,0.245,0.255,547,2,Referral,South,540.14
C00021,30,1,12,0.253,0.154,13,0,Store,West,20
C00022,30,9,59.71,0.021,0.269,417,1,Referral,Northeast,781.97
C00023,13,2,35.08,0.174,0.17,69,3,Referral,Northeast,193.1
C00024,68,9,80.74,0.133,0.344,863,0,Store,Midwest,1167.89
C00025,52,1,61.7,0.141,0.128,51,2,Organic,West,174.12
C00026,58,2,110.35,0.104,0.223,238,1,Paid social,Midwest,260.92
C00027,9,5,70.08,0.118,0.254,311,1,Referral,West,447.8
C00028,2,6,81.42,0.163,0.271,387,3,Referral,West,396.53
C00029,20,4,71.73,0.136,0.157,313,1,Paid social,Midwest,339.2
C00030,12,4,12,0.166,0.013,37,2,Search,Northeast,128.01
C00031,4,5,54.56,0.117,0.151,283,1,Referral,Midwest,330.95
C00032,19,2,34.9,0.125,0.149,52,1,Store,West,122.37
C00033,44,5,104.21,0.099,0.173,574,0,Referral,Midwest,600.85
C00034,10,1,52.43,0.222,0.18,44,1,Store,Northeast,116.04
C00035,6,3,19.76,0.22,0.268,40,2,Referral,West,20
C00036,51,8,57.74,0.06,0.115,390,1,Store,West,602.24
C00037,18,1,12,0.25,0.097,8,0,Paid social,South,58.57
C00038,65,10,20.22,0.088,0.197,240,1,Referral,Northeast,322.16
C00039,62,8,84.93,0.138,0.3,807,1,Organic,Midwest,936.93
C00040,68,9,103.69,0.133,0.235,584,0,Paid social,Midwest,1457.49
C00041,6,1,38.31,0.197,0.063,26,1,Search,South,20
C00042,45,5,72.88,0.181,0.143,404,1,Organic,West,521.75
C00043,35,4,76.66,0.157,0.157,325,0,Search,Northeast,393.8
C00044,39,11,88.36,0.135,0.366,653,1,Store,West,1186.41
C00045,21,9,46.95,0.128,0.244,356,2,Search,Midwest,514.68
C00046,10,1,22.16,0.13,0.11,19,2,Store,Northeast,31.99
C00047,30,10,99.73,0.129,0.083,1167,2,Paid social,South,1317.73
C00048,28,8,86.5,0.118,0.278,675,0,Referral,Midwest,719.01
C00049,38,1,63.85,0.176,0.026,64,1,Organic,South,20
C00050,36,1,12,0.193,0,12,0,Referral,Northeast,20
C00051,64,14,34.04,0.09,0.229,438,1,Paid social,West,779.28
C00052,62,7,59.43,0.166,0.088,445,2,Organic,Northeast,533.85
C00053,60,5,49.6,0.124,0.136,279,1,Referral,West,419.29
C00054,21,3,20.94,0.217,0.344,67,2,Store,Northeast,90.1
C00055,2,2,72.23,0.111,0.173,101,2,Organic,Midwest,141.63
C00056,23,3,39.01,0.116,0.173,99,3,Search,South,64.41
C00057,3,1,67.75,0.098,0.119,69,1,Search,Northeast,20
C00058,59,5,62.4,0.168,0.099,199,0,Paid social,West,566.23
C00059,67,7,75.45,0.125,0.232,507,2,Referral,West,716.13
C00060,58,4,72.07,0.052,0.37,224,2,Referral,Midwest,447.76
C00061,25,5,44.99,0.075,0.26,247,3,Search,West,227.21
C00062,2,7,47.5,0.019,0.332,266,1,Organic,South,359.67
C00063,38,3,64.41,0.207,0.291,132,2,Organic,South,148.63
C00064,52,10,36.06,0.025,0.288,396,0,Referral,Northeast,534.64
C00065,57,7,55.34,0.128,0.4,451,3,Organic,South,440.84
C00066,65,10,96.82,0.116,0.266,967,1,Organic,South,1464.22
C00067,51,6,74.39,0.037,0.169,380,2,Paid social,Midwest,700.12
C00068,57,12,86.22,0.135,0.303,1064,1,Search,West,1502.88
C00069,9,5,35.32,0.137,0.26,204,3,Store,Northeast,48.81
C00070,68,7,86.63,0.092,0.179,404,2,Referral,Northeast,985.96
C00071,22,11,36.81,0.153,0.207,366,0,Search,Midwest,531.07
C00072,44,6,24.01,0.169,0.244,110,2,Organic,Midwest,188.6
C00073,8,9,74.13,0.151,0.203,781,2,Store,Midwest,712.71
C00074,65,8,83.54,0.174,0.276,787,2,Store,Northeast,1094.3
C00075,15,11,85.3,0.19,0.225,754,2,Referral,South,1104.57
C00076,5,1,55.04,0.19,0.005,48,1,Search,West,20
C00077,53,5,95.72,0.075,0.194,409,1,Store,West,740.3
C00078,10,13,63.33,0.08,0.275,973,1,Store,Northeast,793.91
C00079,20,1,22.25,0.226,0.17,22,2,Referral,Midwest,20
C00080,50,6,31.3,0.233,0.25,219,1,Paid social,Northeast,317.48
C00081,19,8,54.35,0.152,0.281,360,2,Referral,West,426.65
C00082,27,5,74.22,0.21,0.229,237,3,Store,Midwest,312.2
C00083,24,8,74.61,0.166,0.354,580,2,Store,South,636.89
C00084,57,7,43.98,0.145,0.204,268,1,Paid social,Midwest,367.1
C00085,41,3,43.65,0.141,0.161,142,2,Paid social,Midwest,139.16
C00086,10,1,26.18,0.118,0.216,20,3,Paid social,Northeast,151.31
C00087,40,1,28.71,0.18,0.194,31,2,Paid social,South,20
C00088,43,5,60.64,0.134,0.183,244,0,Referral,West,415.86
C00089,65,9,38.96,0.131,0.175,351,2,Organic,West,498.9
C00090,42,9,84.13,0.102,0.26,753,0,Store,Midwest,1023.43
C00091,18,4,43.11,0.196,0.061,125,3,Search,Midwest,110.11
C00092,67,6,36.16,0.179,0.236,193,2,Store,West,271.85
C00093,28,8,77.62,0.203,0.218,529,2,Referral,Midwest,791.85
C00094,54,10,93.01,0.035,0.186,915,1,Organic,Midwest,1334.27
C00095,59,6,105.35,0.092,0.274,412,0,Organic,Northeast,868.3
C00096,44,6,66.97,0.139,0.18,334,1,Store,Midwest,385.53
C00097,2,8,54.69,0.073,0.38,317,1,Referral,South,378.58
C00098,11,2,24.76,0.136,0.037,54,1,Organic,Midwest,40.05
C00099,12,4,19.31,0.181,0.174,89,2,Store,Midwest,203.35
C00100,46,2,82.02,0.086,0.171,152,1,Search,Midwest,261.62
C00101,9,3,45.03,0.247,0.028,91,1,Organic,Midwest,20
C00102,47,9,86.21,0.12,0.289,618,1,Search,Northeast,1069.5
C00103,56,4,75.65,0.146,0.25,192,0,Referral,West,436.18
C00104,17,1,26.58,0.19,0.13,17,2,Store,Northeast,33.85
C00105,56,7,41.3,0.189,0.17,323,2,Search,South,368.86
C00106,38,6,60.69,0.137,0.202,379,2,Organic,West,605.1
C00107,65,5,53.59,0.117,0.258,306,1,Store,South,498.62
C00108,19,7,20.74,0.073,0.307,123,2,Organic,West,159.3
C00109,34,7,88.72,0.178,0.198,744,0,Organic,Northeast,662.98
C00110,58,2,59.01,0.105,0.333,124,1,Organic,Northeast,20
C00111,59,6,28.37,0.18,0.108,194,2,Search,South,119.37
C00112,70,12,63.86,0.152,0.208,605,1,Store,West,1234.9
C00113,66,16,92.07,0.093,0.447,1717,2,Paid social,South,2237.76
C00114,20,7,54.03,0.224,0.261,364,0,Referral,West,487.64
C00115,12,6,54.96,0.128,0.203,279,1,Referral,West,252.28
C00116,59,9,53.66,0.176,0.343,389,1,Search,Northeast,598.09
C00117,46,2,37.69,0.062,0.276,88,1,Store,Midwest,96.72
C00118,34,8,49.42,0.181,0.385,461,0,Store,Midwest,473.33
C00119,50,6,52.29,0.132,0.232,265,1,Paid social,South,463.04
C00120,19,1,58.39,0.158,0.171,55,3,Search,West,79.16
C00121,31,13,89.4,0.082,0.153,1003,1,Organic,Midwest,1400.02
C00122,11,3,30.78,0.184,0.092,111,1,Store,Midwest,126.04
C00123,53,3,62.63,0.045,0.055,142,3,Referral,Midwest,189.7
C00124,32,5,68.82,0.019,0.166,300,2,Search,Northeast,561
C00125,39,6,12.56,0.198,0.184,73,2,Paid social,Midwest,49.77
C00126,26,7,50.46,0.153,0.292,249,1,Referral,Northeast,337.73
C00127,27,7,87.57,0.08,0.214,694,2,Store,West,788.43
C00128,33,7,87.74,0.142,0.203,430,1,Paid social,Northeast,701.47
C00129,19,3,12,0.111,0.097,23,1,Search,South,127.64
C00130,43,3,59.33,0.156,0.162,157,1,Store,Midwest,204.12
C00131,47,2,25.57,0.068,0.084,54,1,Organic,West,62.37
C00132,38,10,91.49,0.195,0.262,940,1,Paid social,Northeast,1067.35
C00133,45,9,16.42,0.085,0.194,132,2,Search,West,204.36
C00134,52,2,91.71,0.134,0.398,143,1,Store,South,235.66
C00135,15,3,76.61,0.086,0.172,259,2,Paid social,Northeast,189.43
C00136,35,7,128.14,0.151,0.349,1043,0,Store,Midwest,1147.31
C00137,19,7,62.6,0.124,0.158,419,1,Paid social,Northeast,429.3
C00138,63,4,63.63,0.012,0.175,159,1,Referral,Northeast,353.96
C00139,3,2,53.57,0.119,0.077,85,0,Paid social,Northeast,57.4
C00140,44,9,79.87,0.081,0.364,490,0,Organic,South,1063.62
C00141,42,8,78.88,0.12,0.225,510,2,Organic,Midwest,755.79
C00142,28,10,96.35,0.094,0.242,806,2,Store,Midwest,1370.82
C00143,42,3,50.07,0.099,0.2,160,2,Referral,Midwest,54.18
C00144,16,9,66.09,0.101,0.111,473,1,Referral,Midwest,636.34
C00145,66,13,100.52,0.117,0.279,1431,1,Search,Midwest,2046.61
C00146,19,6,54.15,0.169,0.305,320,1,Store,Northeast,322.53
C00147,20,1,28.59,0.115,0.236,29,2,Referral,West,20
C00148,43,10,87.56,0.104,0.063,788,0,Referral,Midwest,1094.03
C00149,65,8,20.93,0.184,0.192,170,1,Search,South,348.45
C00150,41,1,44.87,0.203,0.042,32,1,Search,Northeast,184.04
C00151,58,3,35.65,0.072,0.243,71,0,Paid social,West,330.43
C00152,50,14,55.09,0.162,0.199,812,0,Paid social,South,1078.54
C00153,42,6,52.05,0.107,0.118,212,1,Paid social,West,333.85
C00154,56,4,42.78,0.103,0.062,158,2,Organic,Midwest,348.58
C00155,11,2,50.34,0.176,0.179,104,2,Referral,West,96.29
C00156,22,5,74.8,0.195,0.134,381,2,Referral,West,253.9
C00157,10,6,23.2,0.131,0.099,95,2,Referral,Northeast,182.63
C00158,32,3,61.77,0.202,0.048,218,1,Paid social,West,260.54
C00159,71,9,116.21,0.124,0.317,1117,3,Referral,Northeast,1619.91
C00160,33,3,84.33,0.105,0.223,226,1,Search,South,426.7
C00161,50,5,82.95,0.092,0.338,465,1,Store,Northeast,488.5
C00162,43,8,86.35,0.163,0.24,796,1,Store,Northeast,937.82
C00163,61,10,42.58,0.105,0.247,422,1,Organic,Midwest,533.42
C00164,26,6,19.31,0.122,0.28,131,1,Referral,Midwest,138.03
C00165,42,5,40.98,0.155,0.163,147,2,Search,Midwest,382.24
C00166,4,3,89.11,0.01,0.19,289,1,Referral,Northeast,170.01
C00167,71,7,64.67,0.156,0.296,310,0,Organic,West,734.31
C00168,61,1,17.45,0.098,0.209,20,0,Paid social,Midwest,20
C00169,7,6,12,0.188,0.175,57,1,Store,Midwest,45.96
C00170,44,4,90.42,0.197,0.187,310,2,Referral,West,444.1
C00171,58,11,94.69,0.206,0.201,766,1,Paid social,South,1349.69
C00172,23,4,50.38,0.159,0.133,204,1,Referral,South,247.5
C00173,21,6,32.19,0.019,0.228,211,1,Organic,Midwest,230.2
C00174,14,7,35.02,0.176,0.144,232,0,Paid social,Midwest,195.36
C00175,16,7,18.15,0.231,0.096,79,2,Store,Northeast,72.22
C00176,9,6,35.85,0.096,0.028,228,2,Referral,Midwest,392.09
C00177,59,11,106.92,0.051,0.171,1123,1,Paid social,South,1868.84
C00178,65,17,85,0.112,0.273,1105,1,Organic,Northeast,2188.69
C00179,19,9,90.55,0.048,0.285,536,0,Paid social,Midwest,918.14
C00180,49,6,50.15,0.128,0.142,196,1,Organic,West,439.08
C00181,69,5,61.98,0.045,0.177,226,1,Organic,Midwest,421.45
C00182,51,13,115.06,0.214,0.302,1168,1,Store,West,1974.3
C00183,2,1,49.32,0.168,0.172,44,1,Paid social,South,130.93
C00184,45,2,30.51,0.06,0.244,71,0,Paid social,Northeast,103.34
C00185,29,3,68.63,0.184,0.28,143,2,Paid social,South,273.98
C00186,48,8,64.33,0.189,0.253,550,2,Organic,West,609.79
C00187,65,4,21.82,0.191,0.231,103,1,Referral,West,75.68
C00188,65,12,119.33,0.117,0.329,1168,1,Organic,West,2078.05
C00189,66,5,52.06,0.116,0.237,162,2,Referral,South,520.24
C00190,58,13,93.42,0.062,0.324,1388,1,Referral,Northeast,1832.07
C00191,36,6,111.63,0.164,0.211,789,0,Store,Northeast,553.87
C00192,2,14,94.77,0.089,0.247,1138,1,Organic,Northeast,1471.93
C00193,4,5,45.73,0.204,0.188,205,0,Paid social,Midwest,130.57
C00194,53,2,56.62,0.169,0.193,121,2,Paid social,Northeast,258.87
C00195,42,5,35.64,0.088,0.15,149,2,Search,South,325.75
C00196,12,1,42.2,0.226,0,43,3,Paid social,Midwest,20
C00197,25,4,56.06,0.183,0.127,234,1,Referral,West,179.11
C00198,69,6,28.81,0.105,0.071,175,0,Paid social,South,251.96
C00199,6,1,61.83,0.05,0.193,62,2,Search,West,131.43
C00200,59,7,72.42,0.108,0.218,528,1,Referral,Midwest,768.3
C00201,27,2,39.42,0.187,0.173,64,0,Paid social,West,106.09
C00202,29,5,88.72,0.169,0.217,275,1,Referral,West,622.59
C00203,8,11,88.05,0.164,0.165,1088,1,Store,South,935.26
C00204,61,12,143.28,0.129,0.452,2014,0,Search,South,2485.92
C00205,23,6,63.92,0.115,0.243,388,0,Search,Northeast,346.63
C00206,56,4,57.2,0.109,0.307,153,1,Organic,Northeast,473.09
C00207,50,10,110.21,0.107,0.26,967,2,Paid social,Midwest,1540.5
C00208,48,8,58.88,0.172,0.246,289,0,Store,Midwest,564.67
C00209,31,5,84.3,0.105,0.276,264,1,Referral,Northeast,532.42
C00210,51,10,74.84,0.048,0.382,886,1,Paid social,Northeast,1097.18
C00211,23,1,12,0.191,0.094,8,3,Paid social,Northeast,102.59
C00212,69,3,91.05,0.059,0.215,177,0,Store,West,465.39
C00213,43,6,22.09,0.14,0.213,87,2,Organic,South,216.23
C00214,28,6,14.38,0.23,0.025,58,0,Paid social,South,36.73
C00215,34,5,39.63,0.11,0.338,146,0,Search,West,306.82
C00216,68,13,65.81,0.023,0.26,823,1,Paid social,Midwest,1422.38
C00217,17,1,87.48,0.159,0.138,77,2,Referral,Northeast,265.03
C00218,46,2,40.05,0.183,0.255,93,3,Store,Northeast,20
C00219,32,10,66.45,0.122,0.349,408,1,Organic,West,799.63
C00220,70,7,31,0.176,0.204,202,0,Store,South,353.85
C00221,16,3,42.5,0.2,0.198,127,1,Referral,Midwest,335.47
C00222,37,7,73.18,0.187,0.257,338,2,Store,West,632.06
C00223,39,2,17.51,0.079,0.088,36,1,Paid social,Northeast,20
C00224,37,15,107.63,0.036,0.272,1527,0,Paid social,South,2334.67
C00225,66,8,63.94,0.135,0.431,402,1,Search,South,641.75
C00226,37,7,36.35,0.162,0,265,2,Paid social,West,409.45
C00227,21,13,89.12,0.115,0.255,885,1,Paid social,West,1292.4
C00228,7,9,69.9,0.119,0.244,625,2,Paid social,South,563.37
C00229,59,11,61.15,0.057,0.296,532,1,Store,Northeast,1113.77
C00230,35,7,67.98,0.093,0.161,349,0,Store,Midwest,690.43
C00231,14,8,18.26,0.228,0.222,116,0,Organic,South,131.75
C00232,2,9,114.2,0.09,0.353,1217,1,Referral,West,1115.28
C00233,40,9,67.9,0.191,0.27,506,2,Store,South,767.34
C00234,62,7,92.56,0.062,0.116,395,1,Referral,South,875.79
C00235,18,10,30.66,0.047,0.351,362,1,Store,Midwest,380.62
C00236,46,2,43.72,0.271,0.054,60,1,Store,West,20
C00237,60,12,73.33,0.102,0.157,532,2,Paid social,West,1210.27
C00238,62,12,126.64,0.071,0.428,1647,1,Referral,Midwest,2353.24
C00239,70,17,90.16,0.2,0.37,1737,1,Store,Northeast,2121.51
C00240,70,4,102.87,0.099,0.174,384,0,Search,West,671.35
C00241,69,9,74.61,0.151,0.259,795,0,Search,West,930.31
C00242,14,3,80.15,0.107,0.168,226,2,Search,Midwest,207.93
C00243,6,13,73.16,0.067,0.382,1004,0,Search,Midwest,1123.23
C00244,65,7,58.06,0.111,0.101,280,1,Search,South,702.81
C00245,70,9,36.04,0.051,0.231,344,1,Referral,Northeast,371.3
C00246,35,8,113.88,0.11,0.252,721,1,Store,South,1144.69
C00247,8,1,51.73,0.145,0,59,2,Referral,South,61.28
C00248,3,1,28.3,0.176,0.186,18,2,Referral,West,109.3
C00249,16,5,47.55,0.08,0.128,237,1,Organic,Midwest,377.2
C00250,41,8,28.5,0.109,0.159,143,1,Search,South,303.19
C00251,53,9,46.4,0.16,0.391,497,2,Search,West,624.48
C00252,36,5,96.43,0.15,0.292,548,0,Search,South,574.68
C00253,17,8,96.06,0.036,0.262,709,0,Search,South,802.62
C00254,32,3,62.45,0.165,0.196,195,1,Referral,Northeast,218
C00255,57,1,75.41,0.168,0.168,49,1,Search,Midwest,143.44
C00256,56,12,81.15,0.151,0.388,1163,0,Store,Midwest,1401.15
C00257,3,9,57.12,0.163,0.33,568,1,Organic,Midwest,443.79
C00258,48,7,29.13,0.029,0.15,181,2,Paid social,Midwest,421.44
C00259,25,4,102.72,0.135,0.167,249,2,Referral,West,484.45
C00260,68,3,92.67,0.099,0.278,194,0,Store,West,374.71
C00261,41,6,62.81,0.08,0.376,408,1,Search,Northeast,564.87
C00262,23,10,105.66,0.148,0.302,1050,1,Store,Midwest,1288.53
C00263,9,7,38.62,0.276,0.067,210,3,Referral,South,241.62
C00264,53,11,144.04,0.012,0.304,1853,1,Search,South,2579.47
C00265,13,2,77.57,0.097,0.352,109,2,Referral,West,191.27
C00266,26,4,80.91,0.256,0.196,238,3,Store,Midwest,533.17
C00267,30,1,50.25,0.133,0.212,30,2,Referral,Midwest,20
C00268,63,11,101.85,0.17,0.314,713,1,Organic,South,1416.53
C00269,30,10,81.99,0.209,0.311,751,0,Organic,Northeast,964.23
C00270,23,6,57.36,0.133,0.051,292,0,Paid social,West,293.84
C00271,41,2,52.39,0.114,0.165,123,1,Search,Midwest,183.79
C00272,2,5,82.4,0.222,0.101,395,2,Organic,Northeast,322.14
C00273,33,4,44.59,0.156,0.072,126,1,Store,Northeast,188.58
C00274,68,3,36.48,0.226,0.184,80,1,Search,West,142.06
C00275,71,8,126,0.065,0.464,971,1,Search,Midwest,1597.09
C00276,20,8,45.76,0.15,0.183,271,1,Paid social,South,444.92
C00277,39,4,80.26,0.139,0.217,229,1,Referral,West,463.6
C00278,40,5,53.41,0.177,0.201,275,1,Organic,West,218
C00279,44,7,37.23,0.144,0.326,245,0,Search,South,464.1
C00280,55,4,100.7,0.198,0.294,289,0,Store,South,502.94
C00281,20,2,49.09,0.15,0.241,95,2,Referral,Northeast,89.75
C00282,13,1,47.26,0.161,0.086,34,1,Referral,South,47.12
C00283,7,3,31.08,0.218,0.262,94,2,Store,South,129.78
C00284,55,8,84.66,0.083,0.248,427,1,Referral,Northeast,1061.38
C00285,6,4,57.1,0.108,0,222,2,Search,West,321.43
C00286,13,6,33.4,0.015,0.149,200,1,Paid social,Midwest,282.21
C00287,50,11,96.68,0.089,0.253,639,1,Paid social,Northeast,1530.24
C00288,43,1,78.4,0.215,0.034,62,2,Search,South,149.74
C00289,48,6,68.63,0.211,0.34,433,1,Referral,South,357.01
C00290,22,1,14.85,0.207,0.121,13,3,Store,Midwest,35.67
C00291,43,11,48.26,0.067,0.126,496,0,Search,West,647.47
C00292,15,1,33.63,0.241,0,39,1,Paid social,West,20
C00293,66,5,48.43,0.176,0.331,176,1,Search,South,343.01
C00294,60,8,61.37,0.103,0.166,392,4,Paid social,South,665.55
C00295,59,7,111.68,0.11,0.41,682,1,Organic,South,975.45
C00296,68,4,87.75,0.079,0.243,287,1,Store,West,607.71
C00297,4,1,15.18,0.204,0.008,16,2,Search,Midwest,75
C00298,61,5,59.55,0.207,0.139,294,0,Organic,Northeast,432.99
C00299,13,11,66.09,0.092,0.142,522,1,Store,Midwest,743.05
C00300,48,9,88.05,0.02,0.193,948,0,Referral,South,1170.17
C00301,32,3,86.99,0.137,0.161,214,1,Paid social,West,205.79
C00302,67,8,96.07,0.092,0.224,566,1,Paid social,Northeast,1293.74
C00303,44,9,35.28,0.182,0.265,193,0,Search,Northeast,428.32
C00304,67,9,43.9,0.118,0.229,368,0,Organic,Northeast,644.15
C00305,48,9,91.81,0.198,0.165,991,2,Referral,Midwest,1110.26
C00306,4,1,53.53,0.222,0.161,50,1,Referral,Midwest,20
C00307,17,1,27.76,0.113,0.039,21,3,Store,South,132.97
C00308,41,11,36.49,0.126,0.211,306,2,Search,Northeast,494.47
C00309,56,4,65.55,0.158,0.245,199,1,Store,Midwest,240.85
C00310,55,10,64.58,0.136,0.324,526,2,Paid social,Midwest,911.66
C00311,56,6,83.44,0.169,0.173,410,1,Search,South,766
C00312,53,10,87.87,0.054,0.038,956,2,Organic,Northeast,1222.84
C00313,69,11,94.36,0.015,0.261,1243,2,Paid social,South,1813.93
C00314,16,10,112.06,0.109,0.316,1263,0,Referral,South,1221.45
C00315,9,3,24.67,0.162,0.158,81,2,Organic,West,87.27
C00316,41,2,88.16,0.16,0.172,155,0,Search,South,130.72
C00317,69,6,34.98,0.122,0.276,137,1,Referral,South,289.47
C00318,50,7,75.82,0.163,0.279,369,1,Referral,Northeast,683.02
C00319,36,7,59.25,0.113,0.241,295,1,Store,Midwest,366.4
C00320,54,10,70.74,0.123,0.304,675,0,Paid social,Northeast,904.13
C00321,25,2,54.54,0.199,0,70,1,Paid social,West,40.03
C00322,63,11,106.7,0.148,0.358,906,2,Organic,South,1640.18
C00323,21,4,69.89,0.146,0.179,246,1,Organic,South,238.66
C00324,64,10,41.28,0.097,0.275,404,1,Organic,Northeast,606.64
C00325,20,8,45.87,0.075,0.137,405,0,Organic,West,484.56
C00326,34,10,83.5,0.217,0.27,755,3,Organic,Midwest,1006.05
C00327,16,9,49.87,0.208,0.142,447,1,Organic,West,229.35
C00328,60,5,85.98,0.099,0.172,320,1,Store,Midwest,538.68
C00329,13,5,60.61,0.2,0.134,313,0,Search,West,168.9
C00330,26,9,60.99,0.093,0.226,578,2,Referral,Midwest,703.73
C00331,3,1,61.58,0.09,0.147,57,3,Referral,Northeast,171.3
C00332,39,1,17.59,0.131,0.034,12,0,Paid social,West,20
C00333,50,8,55.71,0.101,0.139,485,2,Paid social,Midwest,545.94
C00334,41,6,49.39,0.13,0.186,288,1,Referral,Midwest,347.17
C00335,40,14,76.94,0.06,0.156,671,2,Organic,West,1457.01
C00336,43,10,40.75,0.002,0.286,392,0,Paid social,Northeast,656.01
C00337,6,1,46.6,0.149,0.199,40,2,Organic,West,215.56
C00338,36,5,55.44,0.122,0.267,251,2,Search,South,262.07
C00339,23,1,69.62,0.124,0.168,54,1,Store,Midwest,78.71
C00340,23,9,118.95,0.144,0.301,920,1,Organic,Northeast,1214.56
C00341,60,10,60.45,0.165,0.379,425,0,Store,Northeast,681.58
C00342,54,4,75.87,0.023,0.251,216,2,Paid social,South,463.21
C00343,4,4,29.38,0.206,0.242,129,2,Store,South,124.07
C00344,28,3,36.74,0.077,0.106,84,2,Store,Midwest,349.77
C00345,35,7,49.48,0.146,0.02,299,0,Paid social,South,353.12
C00346,45,11,71.91,0.101,0.149,760,1,Search,West,1168.09
C00347,36,6,62.6,0.173,0.277,271,1,Referral,Northeast,397.48
C00348,25,8,67.72,0.077,0.293,422,1,Paid social,West,668.9
C00349,61,9,85.36,0.141,0.132,914,1,Referral,Northeast,1254.43
C00350,5,2,31.64,0.17,0.224,65,0,Organic,West,20
C00351,28,3,39.24,0.2,0.088,136,0,Organic,Northeast,268.88
C00352,45,5,80.27,0.13,0.185,426,2,Referral,South,562.74
C00353,52,12,84.48,0.097,0.182,612,2,Search,Northeast,1570.02
C00354,6,7,66.27,0.143,0.184,330,1,Organic,West,556.54
C00355,61,4,71.42,0.147,0.311,203,1,Search,Northeast,346.02
C00356,2,1,76.53,0.196,0,49,2,Paid social,West,193.21
C00357,12,11,57.57,0.161,0.064,456,1,Search,South,642.56
C00358,16,4,128.74,0.123,0.228,423,0,Search,Midwest,625.11
C00359,18,3,25.92,0.166,0.102,83,1,Paid social,South,43.07
C00360,3,3,53.34,0.12,0.113,176,1,Search,West,350.77
C00361,38,4,26.9,0.133,0.28,98,2,Referral,West,166.59
C00362,67,10,100.71,0.101,0.142,1197,0,Referral,South,1611.78
C00363,27,6,12,0.176,0.033,76,1,Search,West,256.28
C00364,35,4,57.16,0.199,0.349,228,0,Organic,Northeast,247.66
C00365,69,3,26.71,0.1,0.145,89,2,Referral,South,38.84
C00366,52,9,75.24,0.209,0.141,440,0,Paid social,Northeast,777.67
C00367,41,4,55.81,0.205,0.177,154,1,Organic,Northeast,243.59
C00368,34,6,62.48,0.118,0.213,320,1,Store,West,572.75
C00369,46,6,85.73,0.161,0.224,488,2,Organic,South,521.69
C00370,29,1,14.31,0.157,0.168,9,1,Referral,West,47.22
C00371,59,9,65.54,0.083,0.266,581,1,Store,West,844.35
C00372,37,10,88.51,0.211,0.122,934,0,Paid social,West,926.48
C00373,15,9,43.79,0.075,0.236,322,1,Organic,Northeast,438.67
C00374,53,7,41.65,0.101,0.273,177,0,Referral,Midwest,397.22
C00375,36,5,67.4,0.086,0.096,331,1,Referral,Midwest,431.16
C00376,36,3,25.85,0.194,0.196,57,0,Referral,Northeast,47.5
C00377,63,6,71.01,0.224,0.291,439,0,Store,Midwest,584.41
C00378,10,6,86.25,0.109,0.268,585,0,Paid social,Midwest,537.39
C00379,60,4,72.65,0.233,0.222,285,1,Organic,Midwest,498.64
C00380,54,4,52.85,0.166,0.178,187,1,Paid social,Northeast,226.13
C00381,68,8,31.91,0.139,0.081,268,1,Referral,West,430.81
C00382,48,3,69.19,0.126,0.214,247,0,Search,Northeast,397.34
C00383,37,7,48.6,0.162,0.14,208,2,Referral,Midwest,396.35
C00384,5,1,70.55,0.241,0.058,47,3,Search,Northeast,20
C00385,53,7,66.16,0.097,0.161,300,1,Organic,Midwest,617.83
C00386,41,3,69.83,0.097,0.083,133,1,Organic,Midwest,234.04
C00387,53,8,89.02,0.051,0.226,463,3,Paid social,West,1100.76
C00388,58,4,21.67,0.153,0.161,90,2,Referral,West,187.62
C00389,20,7,71.91,0.183,0.188,595,0,Organic,West,672.24
C00390,58,11,73.88,0.157,0.332,546,1,Search,West,1145.42
C00391,22,10,81.9,0.15,0.3,613,2,Search,South,994.4
C00392,62,9,60.45,0.14,0.183,378,2,Organic,West,755.55
C00393,31,5,12,0.075,0.023,66,0,Search,West,214.08
C00394,63,9,65.24,0.076,0.296,381,1,Organic,West,794.42
C00395,2,6,34.19,0.112,0.166,227,2,Referral,Midwest,247.13
C00396,48,2,31.54,0.238,0,71,1,Search,Northeast,271.96
C00397,56,11,31.49,0.069,0.27,264,1,Organic,Northeast,639.48
C00398,67,10,86.99,0.163,0.405,1022,2,Referral,South,1272.9
C00399,37,4,23.8,0.144,0.197,89,2,Organic,Northeast,49.62
C00400,17,7,89.47,0.219,0.175,396,2,Paid social,South,690.68
C00401,61,6,45.05,0.06,0.188,190,0,Organic,West,510.43
C00402,50,8,88.55,0.124,0.282,766,1,Search,West,919.23
C00403,10,2,12,0.203,0,28,2,Paid social,West,116.98
C00404,56,2,27.98,0.137,0.181,49,1,Organic,South,63.35
C00405,34,9,93.46,0.072,0.207,1007,2,Paid social,Midwest,1043.36
C00406,27,6,71.16,0.134,0.283,269,2,Paid social,West,561.14
C00407,56,12,70.88,0.129,0.267,534,0,Organic,South,1358
C00408,16,6,73.77,0.075,0.242,462,2,Referral,Northeast,506.04
C00409,24,8,37.8,0.103,0.235,205,1,Organic,South,272.62
C00410,63,6,53.34,0.122,0.288,377,3,Organic,South,441.11
C00411,65,8,93.7,0.03,0.074,641,2,Referral,West,1314.36
C00412,31,4,65.82,0.049,0.207,191,0,Search,South,395.65
C00413,4,9,81.43,0.091,0.348,671,1,Store,Midwest,860.75
C00414,47,4,42.62,0.193,0.18,134,1,Referral,West,204.08
C00415,5,5,12,0.069,0.179,52,1,Organic,Midwest,119.49
C00416,44,5,77.11,0.151,0.243,420,1,Referral,Midwest,511.49
C00417,48,7,56.96,0.128,0.217,450,0,Paid social,Midwest,618.37
C00418,26,2,54.58,0.155,0.183,101,1,Referral,West,174.84
C00419,43,13,121.32,0.133,0.245,1581,0,Referral,West,1972.27
C00420,25,6,56.75,0.154,0.1,270,0,Paid social,West,401.8
C00421,11,2,25.9,0.147,0.02,36,1,Paid social,South,28.62
C00422,46,5,90.08,0.154,0.171,443,0,Store,South,686.79
C00423,56,7,38.77,0.113,0.258,179,2,Store,Midwest,337.68
C00424,44,7,78.78,0.106,0.149,337,2,Organic,West,785.28
C00425,32,5,62.82,0.165,0.177,195,1,Search,South,386.71
C00426,59,5,84.83,0.111,0.142,389,0,Organic,Midwest,457.24
C00427,64,5,78.14,0.244,0.379,264,1,Referral,South,438.56
C00428,27,1,38.04,0.221,0.191,27,1,Store,Midwest,20
C00429,3,4,81.94,0.163,0.081,307,2,Paid social,Midwest,305.3
C00430,71,10,43.53,0.03,0.173,462,0,Organic,South,794.63
C00431,67,10,131.36,0.12,0.16,1402,3,Store,West,1914.06
C00432,65,8,88.49,0,0.271,802,1,Search,South,1175.78
C00433,45,2,53.86,0.091,0.193,67,1,Referral,Northeast,252.28
C00434,28,8,57.77,0.121,0.223,489,0,Search,Midwest,586.67
C00435,10,1,60.13,0.057,0,65,1,Store,South,86.13
C00436,3,1,25.77,0.237,0.12,26,2,Store,South,27.83
C00437,29,9,42.87,0.063,0.236,250,1,Referral,West,414.23
C00438,35,6,93.54,0.117,0.329,662,2,Store,West,655.51
C00439,8,7,50.31,0.141,0.287,228,2,Search,Northeast,305.76
C00440,5,6,58.43,0.038,0.122,304,1,Organic,Midwest,311.87
C00441,43,4,36.42,0.149,0.23,132,0,Referral,West,83.09
C00442,71,6,90.39,0.022,0.292,425,1,Referral,Northeast,917.7
C00443,63,8,27.54,0.215,0.179,171,1,Store,West,270.13
C00444,38,1,31.25,0.226,0.328,34,2,Referral,West,100.05
C00445,15,6,69.67,0.021,0.286,446,1,Search,West,553.83
C00446,7,4,63.68,0.128,0.024,199,1,Search,Midwest,209.79
C00447,36,5,46.42,0.19,0.246,171,2,Store,West,210.71
C00448,3,1,12,0.19,0.012,10,1,Search,South,20
C00449,2,8,57.05,0.115,0.115,466,1,Organic,Northeast,428.83
C00450,22,3,42.97,0.125,0.192,111,0,Referral,South,285.47
C00451,61,7,84.97,0.08,0.28,501,1,Store,Northeast,933.4
C00452,59,8,86.04,0.108,0.238,477,0,Paid social,South,1079.74
C00453,7,6,52.84,0.072,0.298,337,0,Referral,Midwest,451.92
C00454,53,7,75.21,0.168,0.085,453,1,Search,West,670.24
C00455,70,10,42.84,0.145,0.301,461,2,Store,Northeast,641.05
C00456,45,6,92.96,0.171,0.207,444,2,Store,West,576.42
C00457,34,2,32.86,0.238,0.121,70,1,Search,West,20
C00458,19,5,119.88,0.153,0.394,551,1,Search,Midwest,714.76
C00459,22,5,77.35,0.134,0.083,367,0,Search,Midwest,450.14
C00460,19,3,24.38,0.123,0.37,66,1,Referral,West,44.71
C00461,19,6,54.03,0.144,0.343,282,1,Store,West,284.5
C00462,49,2,68.88,0.208,0.201,98,2,Store,West,115.71
C00463,27,6,62.1,0.117,0.195,383,0,Paid social,West,451.17
C00464,65,5,52.03,0.128,0.256,223,0,Organic,Northeast,399.12
C00465,38,6,44.6,0.051,0.286,235,1,Paid social,Northeast,447.84
C00466,69,10,60.54,0.118,0.257,651,0,Store,Northeast,814.13
C00467,42,10,85.43,0.143,0.37,848,1,Search,Northeast,1042.63
C00468,23,1,28.4,0.101,0,23,1,Organic,South,20
C00469,49,10,99.11,0.11,0.449,922,1,Organic,Northeast,1404.98
C00470,26,1,20.7,0.183,0.059,16,2,Organic,West,55.16
C00471,55,9,74.85,0.134,0.142,521,1,Referral,Midwest,834.98
C00472,52,7,50.48,0.194,0.393,274,0,Search,South,464.4
C00473,18,4,16.53,0.12,0.086,44,0,Search,Midwest,47.16
C00474,43,7,78.87,0.202,0,564,0,Search,Northeast,595.86
C00475,57,5,72.21,0.178,0.302,246,0,Paid social,West,495.56
C00476,44,9,129.7,0,0.265,1257,0,Paid social,Northeast,1834.38
C00477,50,2,63.36,0.041,0.275,102,2,Organic,Northeast,167.36
C00478,34,6,45.92,0.135,0.315,168,0,Referral,South,408.49
C00479,54,10,71.63,0.02,0.274,779,0,Referral,South,1119.29
C00480,62,7,96.55,0.134,0.357,426,1,Paid social,Midwest,860.49
C00481,63,3,12,0.118,0.261,28,0,Paid social,West,100.81
C00482,35,8,50.37,0.192,0.307,296,3,Referral,South,439.58
C00483,46,6,66,0.192,0.201,447,2,Referral,West,308.42
C00484,49,8,79.27,0.078,0.271,448,1,Store,West,911.83
C00485,50,11,69.7,0.053,0.358,887,2,Store,South,1151.08
C00486,10,5,36.45,0.097,0.298,195,0,Search,West,173.27
C00487,68,6,72.26,0.061,0.108,354,1,Paid social,Northeast,757.55
C00488,37,12,67.28,0.121,0.127,509,2,Referral,Midwest,960.29
C00489,11,1,104.64,0.207,0.225,79,1,Organic,Northeast,20
C00490,12,3,97.32,0.199,0.249,266,0,Store,West,129.87
C00491,15,4,38.15,0.122,0.241,118,0,Organic,Northeast,174.18
C00492,37,5,85.23,0.177,0.11,297,1,Paid social,Northeast,521.84
C00493,68,6,66.68,0.18,0.106,330,2,Referral,South,569.91
C00494,51,11,56.38,0.135,0.291,429,1,Search,West,778.68
C00495,30,6,60.22,0.201,0.21,403,2,Referral,South,585.01
C00496,40,8,54.1,0.052,0.229,455,0,Organic,West,689.79
C00497,15,6,71.08,0.047,0.353,492,1,Store,South,471.55
C00498,65,3,79.66,0.161,0.174,254,2,Search,West,465.49
C00499,62,4,72.23,0.17,0.189,192,0,Referral,West,505.73
C00500,45,6,77.97,0.053,0.383,509,2,Paid social,South,667.51
C00501,48,8,52.89,0.213,0.322,415,1,Store,Northeast,597.32
C00502,49,7,19.73,0.028,0.181,158,1,Paid social,Midwest,181.12
C00503,67,16,83.16,0.135,0.4,804,0,Search,Midwest,1793.92
C00504,45,10,53.17,0.107,0.165,398,2,Referral,Midwest,850.74
C00505,27,6,55.71,0.074,0.307,290,1,Organic,South,526.27
C00506,69,9,135.75,0.1,0.138,1257,2,Search,West,2019.55
C00507,54,6,21.7,0.146,0.22,113,2,Paid social,Midwest,221.44
C00508,55,8,71.61,0.125,0.277,636,1,Organic,Midwest,754.83
C00509,27,8,79.09,0.13,0.141,426,2,Organic,Midwest,679.12
C00510,55,4,49.88,0.105,0.15,188,1,Search,South,262.49
C00511,16,3,41.22,0.068,0.17,138,1,Paid social,West,170.8
C00512,23,7,80.15,0.12,0.259,516,0,Organic,South,683.52
C00513,23,8,54.01,0,0.156,468,2,Paid social,South,482.55
C00514,10,3,61.18,0.145,0.097,207,2,Search,Midwest,261.05
C00515,8,5,54.48,0.08,0.215,306,1,Referral,South,366.18
C00516,31,5,49.12,0.293,0.205,149,2,Paid social,West,296.63
C00517,22,5,59.83,0.145,0.059,279,1,Search,Northeast,351.05
C00518,51,8,91.08,0.044,0.121,624,0,Search,Northeast,1140.23
C00519,35,6,85.03,0.155,0.298,390,2,Organic,West,564.42
C00520,21,10,65.29,0.217,0.241,670,2,Store,South,685.44
C00521,32,1,26.42,0.143,0.134,28,2,Organic,Northeast,20
C00522,9,5,48.61,0.13,0.213,220,2,Search,West,255.41
C00523,4,1,50.86,0.055,0.126,36,1,Referral,Northeast,92.21
C00524,70,7,84.58,0.03,0.227,663,1,Referral,West,1197.83
C00525,21,7,68.01,0.086,0.203,397,2,Organic,Northeast,461.72
C00526,44,2,20.91,0.187,0.24,28,2,Referral,Midwest,20
C00527,56,9,58.28,0.128,0.162,372,1,Paid social,Northeast,647.44
C00528,52,5,56.64,0.166,0.07,201,1,Paid social,Northeast,469.4
C00529,28,4,46.87,0.192,0.245,167,1,Store,Midwest,142.79
C00530,27,7,49.19,0.1,0.262,261,1,Referral,West,442.94
C00531,5,7,77.54,0.131,0.186,500,0,Store,Midwest,612.56
C00532,57,11,57.71,0.097,0.28,386,0,Organic,Northeast,880.89
C00533,11,3,71.98,0.118,0.129,236,3,Store,South,353.72
C00534,34,11,88.4,0.05,0.185,754,1,Organic,South,1324.38
C00535,67,7,85.7,0.107,0.263,462,1,Store,Midwest,975.12
C00536,5,7,89.29,0.119,0.192,609,1,Paid social,South,625.99
C00537,12,1,61.54,0.128,0.17,61,1,Organic,South,90.48
C00538,54,7,22.17,0.271,0.19,94,2,Paid social,Midwest,181.8
C00539,43,7,70.06,0.065,0.183,515,1,Organic,Northeast,712.71
C00540,24,7,29.24,0.171,0.19,213,1,Search,South,273.07
C00541,38,7,34.96,0.081,0.233,162,1,Referral,Northeast,390.9
C00542,48,6,76.81,0.049,0.174,337,0,Search,Northeast,516.12
C00543,49,2,47.54,0.147,0.185,78,1,Store,South,206.62
C00544,45,5,84.57,0.151,0.101,354,2,Organic,West,604.16
C00545,35,3,48.79,0.278,0.239,88,1,Organic,West,186.31
C00546,65,3,63.04,0.131,0.28,162,1,Referral,West,357.48
C00547,57,10,112.24,0.071,0.387,855,1,Search,Midwest,1670.6
C00548,41,7,44.94,0.175,0.217,290,2,Paid social,Midwest,289.9
C00549,53,4,16.08,0.111,0.173,60,1,Store,Midwest,28.67
C00550,60,11,38.44,0.163,0.199,295,2,Organic,West,568.08
C00551,39,5,48.56,0.082,0.086,193,2,Referral,Midwest,413.88
C00552,19,4,32.12,0.192,0.171,144,2,Search,Midwest,103.29
C00553,33,4,64.21,0.135,0.156,193,1,Search,West,364.63
C00554,18,6,84.87,0.181,0.165,329,2,Referral,South,568.89
C00555,18,3,32.56,0.139,0.249,90,0,Store,Midwest,200.24
C00556,4,6,76.1,0.159,0.16,515,1,Search,South,346.29
C00557,46,8,44.77,0.123,0.187,328,0,Referral,West,553.79
C00558,35,8,46.38,0.126,0.195,271,2,Referral,Midwest,482.33
C00559,55,3,12,0.157,0.253,30,0,Referral,South,20
C00560,16,4,47.8,0.173,0.177,115,2,Search,South,223.38
C00561,52,4,60.29,0.151,0.198,204,2,Paid social,South,345.3
C00562,67,1,60.75,0.175,0.138,65,1,Search,Northeast,51.56
C00563,66,3,23.38,0.16,0.214,68,1,Store,South,26.25
C00564,69,7,12.79,0.15,0.319,63,2,Referral,South,145.18
C00565,32,11,91.67,0.009,0.321,1032,1,Store,Midwest,1308.68
C00566,31,4,61.55,0.149,0.147,208,2,Paid social,South,257.31
C00567,10,10,71.48,0.069,0.301,555,1,Store,South,760.11
C00568,55,5,74.75,0.167,0.284,259,0,Organic,West,340.01
C00569,20,1,35.47,0.067,0.149,28,1,Search,South,186.43
C00570,48,6,60.42,0.124,0.112,250,0,Referral,Northeast,499.6
C00571,33,1,77.43,0.065,0.267,92,2,Store,West,143.87
C00572,45,8,87.35,0.1,0.355,462,0,Referral,West,954.98
C00573,2,4,65.44,0.135,0.391,191,1,Referral,West,315.12
C00574,26,3,22.5,0.166,0.202,48,1,Organic,South,231.99
C00575,71,4,23.06,0.223,0.177,72,2,Paid social,South,124.87
C00576,22,9,93,0.127,0.419,851,0,Organic,Northeast,1047.47
C00577,18,2,83.19,0.08,0.224,169,0,Organic,Northeast,172.35
C00578,54,8,52.58,0.179,0.283,420,1,Paid social,West,785.72
C00579,20,7,123.64,0.065,0.325,885,2,Search,South,1071.91
C00580,52,5,33.27,0.181,0.279,126,1,Store,Northeast,107.86
C00581,39,9,41.14,0.177,0.196,228,0,Organic,Midwest,371.79
C00582,70,6,81.43,0.123,0.323,487,0,Search,Midwest,786.67
C00583,36,8,26.13,0.182,0.239,182,1,Paid social,South,239.6
C00584,70,9,116.25,0.208,0.119,1060,1,Search,West,1406.62
C00585,59,7,70.02,0.104,0.192,396,1,Paid social,Midwest,651.7
C00586,26,6,55.84,0.107,0.203,260,0,Search,South,334.61
C00587,32,8,68.4,0.132,0.244,655,1,Organic,South,776.61
C00588,26,1,36.02,0.071,0.178,22,2,Search,Midwest,25.73
C00589,56,4,49.55,0.15,0.144,132,0,Search,South,241.88
C00590,69,13,51.7,0.147,0.453,643,2,Referral,Midwest,1018.22
C00591,26,13,69.04,0.056,0.325,1040,1,Referral,Northeast,985.67
C00592,63,6,38.1,0.104,0.197,256,1,Referral,Midwest,376.19
C00593,47,7,58.66,0.221,0.221,329,2,Store,West,393.99
C00594,11,4,38.77,0.144,0.187,126,1,Store,Midwest,161.29
C00595,17,8,57.27,0.128,0.222,505,2,Paid social,South,409.14
C00596,63,9,103.88,0.088,0.388,775,2,Search,West,1349.94
C00597,8,1,111.87,0.155,0.255,71,2,Search,Northeast,91.99
C00598,20,3,22.49,0.12,0.269,55,1,Paid social,Midwest,91.77
C00599,41,8,94.32,0.12,0.203,503,2,Organic,Midwest,984.56
C00600,27,12,79.5,0.104,0.373,846,1,Referral,South,1242.63
C00601,39,7,29.05,0.082,0.335,126,1,Organic,West,268.23
C00602,43,8,102.02,0.157,0.296,789,1,Referral,West,1102.77
C00603,68,9,63.2,0.275,0.211,507,0,Search,South,654.62
C00604,45,5,77.8,0.145,0.215,293,0,Organic,Midwest,497.55
C00605,69,12,70.12,0.146,0.389,510,1,Search,Midwest,1136.66
C00606,46,3,88.48,0.102,0.212,258,0,Organic,South,380.63
C00607,26,4,64.12,0.151,0.172,168,0,Paid social,South,430.78
C00608,8,9,114.05,0.127,0.275,664,1,Paid social,Midwest,1111.97
C00609,50,6,84.71,0.069,0.138,356,2,Search,South,657.89
C00610,53,11,111.61,0.184,0.411,878,2,Search,Midwest,1489.56
C00611,68,7,92.93,0.218,0.332,769,1,Search,South,947.92
C00612,71,8,56.99,0.145,0.293,413,3,Referral,Northeast,692.06
C00613,17,8,98.8,0.128,0.123,947,2,Referral,West,857.74
C00614,37,8,34.16,0.155,0,251,1,Search,Northeast,222.63
C00615,57,3,14.82,0.207,0.018,42,1,Organic,Midwest,55.8
C00616,67,1,60.54,0.199,0.274,68,2,Store,West,59.68
C00617,63,8,66.45,0.052,0.229,354,1,Paid social,West,816.32
C00618,57,8,68.97,0.124,0.264,542,1,Organic,West,727.61
C00619,37,10,62.66,0.159,0.258,469,2,Referral,West,722.4
C00620,11,4,52.71,0.212,0.15,243,1,Paid social,Midwest,294.47
C00621,52,5,31.63,0.095,0.128,163,1,Referral,Midwest,281.82
C00622,21,3,66.59,0.242,0.134,203,3,Organic,South,168.73
C00623,71,7,97.29,0.06,0.181,424,1,Store,South,1120.83
C00624,25,5,73.34,0.1,0.111,422,2,Search,Midwest,449.24
C00625,42,10,82.12,0.055,0.209,626,0,Referral,Midwest,1118.36
C00626,17,5,73.21,0.189,0.088,360,0,Organic,West,382.95
C00627,18,6,55.91,0.175,0.346,349,2,Store,Midwest,373.94
C00628,52,9,55.09,0.113,0.156,377,1,Organic,Midwest,579.17
C00629,62,4,68.29,0.062,0.028,265,0,Search,South,420.81
C00630,17,8,75.97,0.139,0.228,447,1,Paid social,South,583.42
C00631,51,9,39.96,0.173,0.286,309,0,Organic,Midwest,440.34
C00632,49,13,128.34,0.108,0.239,1260,0,Organic,Midwest,2324.69
C00633,6,4,60.91,0.084,0.08,150,2,Organic,South,227.67
C00634,31,3,34.73,0.198,0.142,123,0,Paid social,South,172.88
C00635,35,2,52.17,0.056,0.24,87,2,Store,West,243.97
C00636,5,1,40.87,0.188,0.238,40,2,Search,South,20
C00637,70,7,79.4,0.165,0.303,641,3,Search,Northeast,896.81
C00638,50,10,56.86,0.002,0.323,531,0,Referral,West,920.63
C00639,60,13,62.42,0.103,0.399,939,1,Search,Midwest,1171.1
C00640,49,10,126.35,0.049,0.427,1402,1,Store,South,1814.34
C00641,52,8,53.9,0.186,0.243,273,1,Store,Northeast,527.92
C00642,27,5,70.77,0.102,0.042,298,1,Paid social,South,326.19
C00643,9,6,45.05,0.197,0.239,221,2,Search,Midwest,261.26
C00644,59,6,103.67,0.162,0.366,672,1,Search,Northeast,923.94
C00645,29,3,83.37,0.105,0.078,169,1,Organic,West,243.79
C00646,22,3,33.21,0.15,0.298,117,0,Referral,Midwest,25.57
C00647,57,10,80.53,0.059,0.188,722,1,Store,Northeast,1212.76
C00648,34,7,99.65,0.145,0.242,506,0,Search,West,763.27
C00649,49,9,49.82,0.17,0.216,380,0,Organic,South,598.33
C00650,30,5,59.23,0.11,0.039,230,1,Organic,Northeast,197.34
C00651,56,14,110.21,0.193,0.412,1033,2,Referral,South,1922.05
C00652,60,9,60.46,0.083,0.372,390,0,Organic,Northeast,758.46
C00653,41,11,73.87,0.121,0.23,770,1,Paid social,Northeast,1002.59
C00654,65,9,118.56,0.018,0.218,1205,0,Referral,South,1801.21
C00655,23,7,87.12,0.077,0.282,481,1,Search,West,797.13
C00656,26,8,25.33,0.189,0.167,202,0,Referral,West,136.99
C00657,43,8,87.74,0.171,0.237,662,1,Referral,South,784.93
C00658,34,4,16.61,0.136,0.22,46,2,Search,West,20
C00659,43,5,76.17,0.154,0.118,398,2,Organic,West,398.71
C00660,9,8,75.32,0.213,0.035,547,1,Store,Midwest,462.41
C00661,35,4,64.59,0,0.113,254,2,Organic,South,316.99
C00662,51,9,19.13,0.2,0.196,140,0,Paid social,South,237.13
C00663,18,5,26.85,0.148,0.103,139,1,Referral,West,185.51
C00664,6,10,45.81,0.081,0.159,441,0,Organic,Northeast,594.68
C00665,33,7,51.65,0.144,0.283,332,1,Organic,Midwest,375.91
C00666,54,7,69.26,0.154,0.024,425,2,Search,Northeast,605.1
C00667,64,5,46.51,0.088,0.093,189,0,Search,Northeast,378.31
C00668,66,7,77.5,0.176,0.2,419,2,Search,Midwest,821.99
C00669,58,11,64.53,0.138,0.324,742,1,Store,Midwest,895.9
C00670,28,7,59.49,0.143,0.025,254,2,Paid social,West,409.12
C00671,4,2,54.05,0.085,0.12,117,0,Search,West,20
C00672,68,8,90.48,0.074,0.294,562,1,Search,Northeast,1196.56
C00673,33,6,39.92,0.029,0.295,254,0,Referral,South,231.86
C00674,60,8,76.88,0.088,0.346,396,1,Search,Northeast,900.3
C00675,58,5,39.52,0.106,0.299,230,0,Paid social,Northeast,195.87
C00676,18,6,64.5,0.073,0.311,336,1,Organic,Northeast,453.72
C00677,43,8,86.09,0.103,0.437,476,1,Referral,South,934.93
C00678,70,4,48.92,0.214,0.206,200,1,Store,Midwest,202.62
C00679,19,3,48.44,0.191,0.116,136,2,Store,West,107.88
C00680,11,2,45.46,0.165,0.301,95,0,Search,South,20
C00681,60,1,85.72,0.132,0.119,69,3,Referral,West,232.57
C00682,8,5,87.19,0.067,0.225,307,0,Paid social,Northeast,399.71
C00683,60,6,19.15,0.139,0.198,71,0,Store,West,210.33
C00684,52,8,97.17,0.049,0.367,705,0,Paid social,South,1277.66
C00685,66,7,92.38,0.132,0.339,735,1,Referral,West,828.04
C00686,28,8,61.55,0.104,0.279,541,1,Paid social,South,708.39
C00687,55,7,108.06,0.102,0.211,672,1,Organic,Midwest,1123.62
C00688,52,9,73.48,0.102,0.166,793,3,Organic,Midwest,797.41
C00689,4,9,57.09,0.082,0.125,350,2,Store,West,491.43
C00690,53,10,82.57,0.094,0.123,638,1,Paid social,West,1161.76
C00691,24,2,32.55,0.165,0.168,40,2,Organic,Northeast,216.42
C00692,28,3,65.87,0.164,0.27,203,1,Paid social,Midwest,154.95
C00693,49,7,81.24,0.061,0.276,400,0,Referral,Northeast,584.71
C00694,30,7,73.09,0.086,0.2,599,3,Search,South,779.93
C00695,66,8,65.38,0.144,0.268,402,1,Referral,Northeast,734.2
C00696,3,1,32.78,0.183,0.161,37,1,Organic,West,20
C00697,70,4,93.57,0.159,0.372,441,1,Organic,South,500.56
C00698,9,5,48.76,0.174,0,156,1,Referral,Midwest,353.34
C00699,29,4,33.4,0.14,0.058,106,2,Paid social,Northeast,269.24
C00700,31,8,68.62,0.158,0.14,410,1,Organic,West,666.15
C00701,53,8,55.05,0.134,0.232,527,0,Referral,Midwest,472.02
C00702,59,7,48.8,0.112,0.216,321,0,Paid social,South,542.85
C00703,40,1,38.91,0.14,0.167,45,0,Organic,Northeast,20
C00704,15,5,72.89,0.11,0.256,349,1,Organic,Northeast,522.83
C00705,33,6,82.77,0.099,0.213,443,0,Organic,Midwest,698.95
C00706,33,8,39.51,0.04,0.334,375,0,Search,Midwest,444.67
C00707,62,3,46.86,0.104,0.135,96,1,Search,Northeast,244.17
C00708,65,8,115.58,0.067,0.237,586,1,Organic,West,1500.53
C00709,41,10,41.55,0.174,0.075,379,1,Paid social,West,475.06
C00710,14,3,12,0.204,0.216,31,1,Referral,Northeast,53.76
C00711,22,10,64.96,0.08,0.355,747,0,Referral,Northeast,838.28
C00712,47,12,83.49,0.145,0.3,794,0,Search,Northeast,1345.1
C00713,68,2,18.78,0.188,0.214,45,3,Organic,Midwest,20
C00714,56,4,89.24,0.135,0.213,307,1,Paid social,West,400.3
C00715,68,2,35.04,0.265,0.052,73,1,Store,South,214.44
C00716,55,3,41.76,0.173,0.135,141,0,Search,West,162.24
C00717,27,6,87.43,0.18,0.085,441,3,Paid social,South,510.67
C00718,33,11,84.97,0.146,0.282,1114,1,Referral,Midwest,1092.91
C00719,70,13,69.82,0.03,0.244,1030,3,Organic,Midwest,1426.46
C00720,30,1,31.95,0.148,0.155,22,1,Paid social,Midwest,137.61
C00721,62,1,19.32,0.146,0.025,23,2,Search,South,20
C00722,69,4,82.89,0.048,0.281,217,2,Referral,South,488.69
C00723,17,8,41.65,0.132,0.259,331,1,Organic,West,195.24
C00724,54,6,54.92,0.051,0.176,336,2,Search,Northeast,480.98
C00725,41,4,49.21,0.151,0.244,226,0,Search,West,366.27
C00726,10,7,121.31,0.113,0.193,661,0,Organic,Northeast,772.38
C00727,65,11,74.42,0.145,0.222,742,1,Organic,South,1125.23
C00728,22,9,49.05,0.116,0.197,529,1,Store,West,492.29
C00729,4,8,98.4,0.159,0.208,689,3,Store,Midwest,695.57
C00730,47,2,39.13,0.18,0.189,60,1,Paid social,West,87.39
C00731,33,9,63.42,0.122,0.169,569,1,Search,West,734.76
C00732,15,2,43.41,0.111,0.093,89,2,Paid social,Northeast,35.03
C00733,44,3,50.35,0.183,0,122,1,Organic,Midwest,242.88
C00734,53,4,62.19,0.095,0.076,272,2,Paid social,West,427.71
C00735,61,5,74.74,0.018,0.216,436,1,Store,Midwest,517.67
C00736,59,6,55.41,0.139,0.257,211,1,Store,South,661.67
C00737,25,10,68.83,0.139,0.225,475,0,Organic,Midwest,721.14
C00738,43,5,103.09,0.235,0.227,516,0,Search,West,597.88
C00739,11,6,68.97,0.233,0.21,446,1,Store,Northeast,301.19
C00740,69,3,29.5,0.182,0.212,77,2,Referral,Northeast,103.62
C00741,21,7,55.65,0.225,0.138,448,1,Organic,South,430.05
C00742,28,6,61.31,0.136,0.184,418,2,Store,Northeast,363.76
C00743,24,7,53.33,0.115,0.35,293,1,Search,South,449.64
C00744,5,1,36.1,0.269,0.02,34,3,Paid social,South,20
C00745,8,1,78.33,0.178,0.052,91,2,Referral,West,135.77
C00746,40,5,57.11,0,0.054,281,1,Referral,Northeast,468.82
C00747,68,10,58.74,0.115,0.235,474,1,Referral,Midwest,813.38
C00748,13,2,48.04,0.128,0.066,73,1,Referral,West,162.41
C00749,17,1,12,0.238,0.157,10,1,Store,Midwest,20
C00750,19,7,12,0.166,0.283,90,1,Paid social,West,175.45
C00751,47,9,42.22,0.11,0.153,376,0,Paid social,Northeast,459.08
C00752,54,5,50.47,0.08,0.231,174,1,Referral,Midwest,388.02
C00753,29,1,38.39,0.148,0.022,27,1,Organic,West,23.57
C00754,13,1,59.48,0.234,0.109,45,2,Organic,West,20
C00755,9,1,48.34,0.078,0.085,52,3,Referral,Midwest,115.07
C00756,71,16,114.69,0.101,0.276,1777,0,Paid social,Midwest,2734.11
C00757,52,4,37,0.152,0.228,93,2,Organic,South,94.54
C00758,32,2,23.67,0.208,0.08,39,3,Referral,South,32.94
C00759,34,5,73.75,0.163,0.095,266,2,Referral,Northeast,349.39
C00760,32,5,66.62,0.148,0.122,395,0,Organic,Midwest,498.15
C00761,29,7,23.41,0.145,0.293,158,2,Store,South,326.07
C00762,32,2,22.7,0.19,0.1,43,4,Referral,Northeast,51.67
C00763,71,11,72.02,0.034,0.3,852,2,Organic,Northeast,1399.78
C00764,35,10,51.06,0.103,0.302,501,0,Paid social,Midwest,642.07
C00765,31,7,96,0.119,0.271,537,0,Paid social,South,671.98
C00766,51,6,86.91,0.214,0.281,517,1,Organic,South,725.01
C00767,31,1,27.57,0.121,0.209,21,1,Referral,Midwest,35.19
C00768,56,9,84.7,0.216,0.159,478,3,Organic,Midwest,911.58
C00769,2,2,42.46,0.202,0.174,93,1,Search,West,20
C00770,2,1,24.07,0.172,0.134,20,0,Store,Midwest,20
C00771,66,7,40.56,0.055,0.361,273,0,Search,Northeast,403.29
C00772,8,4,50.98,0.122,0.086,160,1,Store,West,407.69
C00773,68,11,102.96,0.106,0.034,952,2,Paid social,Midwest,1799.23
C00774,62,7,66.13,0.06,0.031,554,1,Referral,Midwest,702.54
C00775,70,10,29.51,0.006,0.115,272,2,Paid social,South,626.84
C00776,56,7,25.06,0.097,0.249,132,2,Paid social,West,203.77
C00777,50,3,41.77,0.075,0,89,1,Paid social,West,187.98
C00778,36,2,21.24,0.082,0.142,38,2,Paid social,South,20
C00779,39,6,54.05,0.195,0.094,348,1,Paid social,South,362.61
C00780,63,4,31.91,0.205,0.148,102,0,Search,South,255.94
C00781,35,8,82.55,0.116,0.313,778,1,Referral,West,723.99
C00782,33,9,130.21,0.123,0.081,1023,0,Referral,Midwest,1474.44
C00783,17,1,43.55,0.067,0.152,50,1,Store,South,20
C00784,55,6,13.87,0.218,0.061,85,0,Organic,West,155.16
C00785,22,8,98.67,0.172,0.271,635,0,Store,West,751.65
C00786,53,11,69.5,0.154,0.19,561,1,Store,Midwest,983.48
C00787,27,6,24.72,0.137,0.199,165,4,Paid social,West,20
C00788,41,8,75.84,0.106,0.277,613,1,Store,Midwest,871.64
C00789,35,1,44.21,0.194,0.253,42,1,Referral,West,57.2
C00790,71,9,51.73,0,0.255,339,2,Paid social,West,894.78
C00791,32,10,125.33,0.061,0.245,1460,1,Store,South,1783.38
C00792,24,1,32.38,0.18,0.097,29,2,Paid social,South,20
C00793,56,4,54.56,0.106,0.148,180,1,Organic,Midwest,304.18
C00794,51,9,96.53,0.092,0.376,561,1,Search,West,1145.98
C00795,61,6,33.03,0.135,0.428,144,2,Organic,Midwest,277.26
C00796,64,7,74.13,0.096,0.139,406,0,Paid social,Northeast,733.09
C00797,50,2,45.85,0.158,0.278,82,1,Referral,South,20
C00798,19,4,12,0.163,0.144,35,2,Paid social,Northeast,78.33
C00799,65,10,81.54,0.145,0.292,857,1,Store,West,1269.19
C00800,48,8,83.46,0.191,0.312,406,1,Search,Midwest,616.26
C00801,13,8,81.79,0.09,0.185,445,0,Organic,South,613.93
C00802,2,3,62.86,0.247,0.152,135,2,Search,Northeast,212.07
C00803,52,6,97.55,0.1,0.268,406,0,Search,Northeast,832.32
C00804,7,8,93.47,0.191,0.163,481,0,Search,Midwest,739.68
C00805,3,5,57.35,0.121,0.135,321,2,Referral,West,115.55
C00806,42,8,101.24,0.043,0.229,551,0,Paid social,Northeast,1162.74
C00807,49,11,82.08,0.099,0.158,706,1,Store,Northeast,1152.26
C00808,42,4,72.58,0.183,0.186,203,2,Store,South,419.38
C00809,51,11,81.57,0.158,0.237,857,0,Referral,South,1295.35
C00810,68,6,50.55,0.05,0.228,276,3,Search,West,477.81
C00811,31,7,66.1,0.146,0.274,324,2,Referral,Northeast,586.92
C00812,44,14,101,0,0.336,989,3,Paid social,Midwest,2116.28
C00813,52,9,81.58,0.086,0.428,840,1,Paid social,Northeast,1033.28
C00814,38,4,75.19,0.174,0.266,229,2,Store,South,364.09
C00815,21,9,46.38,0.087,0.249,497,1,Paid social,West,664.78
C00816,26,11,86.5,0.094,0.244,761,0,Paid social,West,1085.19
C00817,31,7,72.64,0.2,0.177,565,1,Paid social,Northeast,689.44
C00818,54,8,127.54,0.195,0.284,718,1,Search,Midwest,1207.31
C00819,48,3,43.95,0.166,0.053,126,2,Organic,Midwest,61.32
C00820,65,10,31.58,0.092,0.246,359,1,Search,West,612.99
C00821,61,2,58.51,0.098,0.124,96,1,Referral,Midwest,173.47
C00822,51,9,25.91,0.209,0.06,236,1,Store,Midwest,277.41
C00823,26,3,70.55,0.2,0.283,127,1,Organic,West,232.59
C00824,23,10,75.81,0.143,0.172,664,2,Referral,West,935.4
C00825,13,7,68.09,0.128,0.237,561,0,Referral,West,560.37
C00826,62,7,69.57,0.161,0.301,340,1,Search,South,472.67
C00827,52,4,39.43,0.131,0.242,122,1,Store,Midwest,281.28
C00828,59,13,87.27,0.051,0.228,1049,1,Paid social,Northeast,1736.85
C00829,33,4,18.98,0.154,0.049,74,0,Store,South,20
C00830,23,3,12,0.093,0.187,30,2,Referral,Midwest,112.53
C00831,65,6,28.9,0.046,0.242,194,1,Referral,South,360.21
C00832,4,7,53.73,0.018,0.296,243,1,Paid social,Midwest,242.14
C00833,36,1,45.92,0.116,0.343,34,0,Paid social,Midwest,20
C00834,41,7,86.19,0.125,0.142,532,0,Referral,Northeast,710.56
C00835,32,8,68.8,0.145,0.214,348,2,Search,Midwest,673.79
C00836,44,12,51.92,0.101,0.228,685,0,Organic,South,832.62
C00837,66,5,102.63,0.072,0.345,505,0,Paid social,Midwest,845.74
C00838,36,5,30.08,0.173,0.128,154,3,Organic,West,245.79
C00839,45,6,106.44,0.152,0.314,713,1,Referral,Midwest,838.24
C00840,24,6,76.28,0.123,0.091,456,2,Referral,West,677.18
C00841,16,4,49.8,0.097,0.111,126,1,Search,Northeast,357
C00842,28,3,70.31,0.151,0.182,175,0,Store,West,121.59
C00843,61,12,97.61,0.128,0.195,879,2,Organic,South,1593.23
C00844,57,5,55.65,0.15,0.109,328,2,Paid social,South,269.09
C00845,34,2,42.95,0.164,0.188,94,3,Organic,Northeast,175.56
C00846,18,6,82.71,0.063,0.2,463,2,Referral,South,632.08
C00847,46,6,94.32,0.144,0.201,645,1,Organic,Midwest,795.39
C00848,19,3,51.63,0.244,0.266,102,2,Paid social,Northeast,148.17
C00849,6,3,12,0.143,0.041,37,2,Search,South,20
C00850,44,6,42.4,0.028,0.264,195,0,Referral,Northeast,395.6
C00851,44,12,52.54,0.088,0.176,540,2,Store,Midwest,921.98
C00852,37,3,49.91,0.141,0.133,147,2,Referral,West,84.59
C00853,27,1,63.38,0.127,0.193,56,1,Search,Northeast,20
C00854,41,9,22.44,0.165,0.195,151,0,Organic,South,318.89
C00855,42,3,94.25,0.123,0.235,181,0,Referral,South,324.53
C00856,54,3,12.69,0.167,0.086,35,2,Referral,South,63.76
C00857,65,8,72.89,0.137,0.287,379,0,Search,South,815.12
C00858,49,6,26.22,0.12,0.19,118,0,Paid social,West,90.65
C00859,62,6,49.3,0.096,0.235,209,1,Referral,Northeast,473.69
C00860,67,5,56.37,0.108,0.268,245,3,Paid social,Northeast,390.04
C00861,65,13,117.28,0.056,0.242,1262,2,Organic,Northeast,2337.91
C00862,39,1,22.72,0.084,0.408,20,0,Referral,Northeast,116.94
C00863,66,8,116.44,0.107,0.215,742,0,Store,Northeast,1515.19
C00864,23,6,57.44,0.13,0.108,225,2,Store,West,277.45
C00865,28,3,58.92,0.216,0.081,111,2,Store,Northeast,292.12
C00866,41,11,39.25,0.14,0.144,352,0,Organic,South,465.76
C00867,12,2,25.12,0.129,0.046,60,1,Paid social,West,96.17
C00868,35,5,12,0.11,0.185,50,2,Organic,Northeast,102.53
C00869,48,7,62.5,0.153,0.246,346,1,Search,Midwest,524.71
C00870,66,7,97.94,0.145,0.259,747,2,Store,Northeast,978.58
C00871,71,5,51.16,0.123,0.176,154,0,Store,West,463.07
C00872,56,10,107.79,0.158,0.129,992,2,Store,West,1537.78
C00873,3,6,40.56,0.174,0.151,258,0,Store,South,132.3
C00874,47,1,56.47,0.148,0.16,44,2,Organic,West,160.63
C00875,3,10,66.25,0.109,0.363,685,2,Search,Northeast,798.55
C00876,69,6,100.37,0.112,0.211,505,1,Organic,West,996.17
C00877,55,11,87.51,0.182,0.338,738,0,Organic,Midwest,1269.26
C00878,57,7,23.98,0.03,0.207,161,0,Paid social,Northeast,364.77
C00879,23,1,69.89,0.208,0.145,48,1,Paid social,South,46.05
C00880,19,9,98.99,0.109,0.263,689,1,Search,Midwest,992.25
C00881,12,2,34.76,0.043,0,66,2,Paid social,South,47.22
C00882,70,13,87.19,0.07,0.468,1057,0,Referral,South,1778.75
C00883,45,5,19.27,0.157,0.182,115,1,Paid social,Northeast,27.42
C00884,18,9,79.31,0,0.265,454,2,Referral,West,844.7
C00885,11,6,56.53,0.156,0.184,299,3,Search,Northeast,393.59
C00886,71,5,34,0.112,0.122,114,1,Search,West,285.27
C00887,33,4,43.91,0.221,0.138,136,2,Organic,Northeast,279.55
C00888,38,8,46.28,0.134,0.226,259,0,Paid social,South,474.55
C00889,66,6,58.36,0.088,0.201,252,2,Organic,West,405.37
C00890,45,11,68.29,0.061,0.28,654,0,Paid social,West,946.69
C00891,66,11,94.88,0.005,0.22,745,1,Search,Northeast,1820.26
C00892,46,15,86.72,0,0.346,815,1,Store,South,1858.98
C00893,23,3,75.8,0.141,0.395,223,2,Search,West,217.11
C00894,12,7,102.48,0.099,0.291,858,1,Organic,Northeast,803.14
C00895,34,13,83.85,0,0.335,1104,0,Organic,South,1548.33
C00896,9,7,94.67,0.164,0.334,539,1,Store,Midwest,516.86
C00897,55,1,32.06,0.234,0.079,20,2,Paid social,Northeast,196.1
C00898,33,4,81.61,0.121,0.252,229,0,Search,West,423.6
C00899,46,9,128.02,0.107,0.295,1161,2,Store,Northeast,1645.96
C00900,31,6,50.83,0.178,0.278,332,1,Paid social,West,306.41
C00901,25,4,60.21,0.187,0.092,204,0,Store,West,245.14
C00902,51,9,60.67,0.081,0.132,533,2,Referral,Midwest,740.03
C00903,34,7,64.81,0.059,0.315,326,0,Store,Northeast,531.74
C00904,38,6,45.49,0.097,0.303,192,0,Organic,Northeast,338.24
C00905,64,3,92.02,0.127,0.211,304,2,Referral,Midwest,390.41
C00906,6,1,63.92,0.128,0.23,56,1,Search,Northeast,20
C00907,37,3,67.17,0.116,0.085,231,1,Referral,West,235.35
C00908,39,1,66.5,0.168,0.064,52,0,Organic,Midwest,33.79
C00909,60,8,93.45,0.025,0.338,702,1,Store,West,1149.82
C00910,23,1,34,0.252,0.144,29,3,Paid social,Midwest,102.58
C00911,13,5,75.6,0.064,0.423,322,0,Organic,Midwest,387.03
C00912,13,6,38.87,0.13,0.261,214,2,Store,Northeast,418.36
C00913,70,6,37.59,0.182,0.315,218,0,Search,Midwest,327.21
C00914,28,5,56.01,0.183,0.146,198,1,Referral,South,307.08
C00915,54,4,82.83,0.133,0.126,277,0,Referral,South,432.38
C00916,67,9,46.29,0.144,0.212,414,0,Referral,Midwest,557.63
C00917,53,13,88.88,0.08,0.32,772,1,Search,Northeast,1717.51
C00918,26,4,30.58,0.158,0.027,145,2,Search,Northeast,189.59
C00919,21,6,58.99,0.161,0.144,287,3,Store,Northeast,463.41
C00920,54,7,12,0.12,0.385,70,0,Organic,Midwest,123.05
C00921,24,11,70.97,0.017,0.091,692,2,Organic,Northeast,1133.27
C00922,39,5,97.12,0.206,0.289,553,1,Organic,South,695.2
C00923,62,3,38.55,0.288,0.17,128,2,Organic,West,115.99
C00924,13,2,46.7,0.183,0.122,103,1,Search,Northeast,80.42
C00925,48,3,60.98,0.072,0.218,208,0,Organic,South,361.04
C00926,12,6,44.16,0.068,0.166,222,2,Store,Northeast,321.46
C00927,54,10,92.29,0.133,0.424,1106,0,Store,South,1200.04
C00928,18,7,54.71,0.081,0.231,449,1,Paid social,Midwest,421.77
C00929,20,2,32.07,0.159,0.081,57,1,Store,West,29.42
C00930,42,3,12.01,0.212,0.083,34,0,Organic,West,119.54
C00931,3,3,12,0.162,0.117,25,1,Paid social,West,65.15
C00932,28,3,28.83,0.13,0.198,52,2,Store,South,73.88
C00933,64,7,51.86,0.254,0.123,233,1,Organic,South,554.43
C00934,4,6,94.11,0.096,0.052,366,1,Search,South,562.1
C00935,54,1,50.21,0.208,0.057,58,0,Store,South,57.32
C00936,57,10,63.89,0.075,0.424,422,1,Referral,Midwest,976.2
C00937,65,1,49.3,0.186,0.095,52,1,Search,Midwest,64.6
C00938,2,8,48.94,0.159,0.225,258,0,Referral,West,466.6
C00939,64,3,88.78,0.049,0.276,256,0,Search,Midwest,401
C00940,45,8,51.44,0.085,0.162,303,1,Paid social,Northeast,532.37
C00941,61,11,41.38,0.094,0.222,277,0,Store,Northeast,770.66
C00942,45,8,71.96,0.096,0.334,414,2,Store,West,751.14
C00943,47,11,70.48,0.176,0.368,503,2,Search,Northeast,943.76
C00944,24,1,24.11,0.188,0.142,16,1,Store,Midwest,20
C00945,56,10,86.94,0.092,0.224,750,0,Search,Midwest,1367.1
C00946,13,1,69.8,0.111,0.195,65,2,Referral,South,185.13
C00947,34,11,79.22,0.139,0.441,870,1,Store,Northeast,1025.08
C00948,60,14,105.9,0.1,0.345,1541,2,Search,Northeast,2149.06
C00949,31,5,30.25,0.137,0.343,131,1,Store,Midwest,343.78
C00950,21,10,78.17,0.132,0.222,578,1,Paid social,Northeast,930.21
C00951,40,5,55,0.091,0.237,301,1,Paid social,Northeast,362.17
C00952,22,1,75.15,0.227,0.051,81,3,Paid social,South,20
C00953,46,7,64.09,0.154,0.175,329,2,Paid social,South,552.65
C00954,43,9,28.17,0.082,0.264,284,0,Organic,Northeast,358.07
C00955,61,9,60.56,0.133,0.322,603,2,Store,West,702.45
C00956,11,7,46.59,0.136,0.25,362,1,Store,West,431.79
C00957,38,1,71.43,0.153,0.085,75,1,Store,Northeast,98.45
C00958,68,2,23.09,0.139,0.042,33,1,Paid social,Midwest,114.37
C00959,26,8,63.75,0.131,0.168,585,2,Referral,Northeast,718.97
C00960,24,8,62.07,0.132,0.318,431,1,Store,Northeast,692.14
C00961,21,6,46.51,0.271,0.198,186,1,Search,South,298.04
C00962,28,9,56.31,0.186,0.252,510,2,Organic,Midwest,564.98
C00963,27,7,56.51,0.141,0.35,267,1,Organic,Midwest,551.28
C00964,14,7,92.93,0.029,0.268,442,1,Search,South,762.52
C00965,15,5,51.72,0.094,0.277,165,2,Search,Midwest,329.79
C00966,51,6,47.73,0.196,0.351,291,1,Store,West,365.21
C00967,43,8,58.16,0.145,0.338,495,0,Search,Midwest,551.12
C00968,20,1,63.63,0.2,0.085,63,0,Store,West,93.56
C00969,37,9,78.43,0.086,0.258,432,2,Paid social,South,937.14
C00970,34,3,39.81,0.245,0.173,140,3,Organic,South,20
C00971,42,3,48.88,0.083,0.314,169,0,Paid social,West,280.64
C00972,65,5,95.66,0.111,0.248,390,0,Paid social,South,808.7
C00973,69,11,116.18,0.124,0.277,1241,1,Organic,South,2035.27
C00974,48,3,63.03,0.038,0.261,150,2,Paid social,Northeast,402.33
C00975,34,5,71.2,0.094,0.312,340,1,Referral,Northeast,450.47
C00976,13,13,83.28,0.217,0.169,1145,0,Store,West,1039.34
C00977,66,8,16.72,0.141,0.293,142,1,Store,South,230.91
C00978,9,4,12,0.19,0.097,31,1,Organic,Midwest,20
C00979,24,8,61.69,0,0.433,396,0,Paid social,South,714
C00980,38,1,65.7,0.169,0.274,40,2,Organic,South,101.65
C00981,13,3,58.26,0.111,0.287,185,0,Referral,Northeast,92.07
C00982,7,6,75.18,0.127,0.231,280,1,Referral,Northeast,515
C00983,27,3,92.78,0.132,0.325,257,3,Store,Northeast,353.04
C00984,27,9,91.02,0.003,0.203,492,2,Organic,Northeast,1025.82
C00985,23,1,41.59,0.227,0.099,26,2,Organic,Midwest,181.48
C00986,17,9,103.62,0.135,0.2,949,1,Store,West,1048.83
C00987,10,1,73.91,0.173,0.247,66,2,Paid social,South,20
C00988,40,4,42.52,0.088,0.012,203,2,Paid social,Northeast,316.35
C00989,35,2,84.5,0.112,0.161,144,0,Paid social,South,194.83
C00990,51,4,60.43,0.109,0.366,213,1,Organic,South,467.06
C00991,10,2,73.19,0.124,0,89,1,Referral,South,136.27
C00992,63,9,76.74,0.026,0.198,513,2,Referral,Midwest,1085.38
C00993,31,7,82.11,0.135,0.286,596,1,Referral,West,675.12
C00994,20,7,62,0.096,0.051,288,1,Organic,South,557.57
C00995,70,7,24.35,0.123,0.169,140,2,Search,Northeast,306.27
C00996,2,1,12,0.204,0.043,13,2,Organic,Midwest,20
C00997,15,8,71.2,0.214,0.102,348,1,Referral,West,499.57
C00998,67,8,72.58,0.169,0.16,441,1,Search,South,776.23
C00999,43,5,31.68,0.148,0.159,105,1,Organic,Midwest,322.23
C01000,51,10,36.98,0.108,0.244,258,0,Paid social,Midwest,619.15
C01001,37,8,95.91,0.085,0.169,656,1,Paid social,Northeast,1090.22
C01002,22,6,31.11,0.196,0.248,158,1,Search,Northeast,357.06
C01003,60,5,57.28,0.162,0.268,218,1,Search,Northeast,339.25
C01004,63,4,83.42,0.122,0.225,395,1,Store,South,384.97
C01005,39,7,44.53,0.167,0.316,319,2,Referral,South,537.51
C01006,51,5,61.97,0.117,0.126,362,3,Search,Northeast,407.8
C01007,3,2,31.4,0.15,0.091,59,0,Referral,South,157.66
C01008,48,3,57.89,0.179,0.36,142,1,Referral,Northeast,238.05
C01009,53,9,101.19,0.085,0.385,875,1,Paid social,West,1361.43
C01010,25,5,95.54,0.145,0.29,513,1,Paid social,Midwest,558.26
C01011,34,9,24.93,0.289,0.342,250,0,Organic,Northeast,320.66
C01012,8,3,19.83,0.085,0.071,55,4,Search,Northeast,20
C01013,34,15,45.7,0.123,0.272,462,1,Referral,Northeast,795.07
C01014,27,10,65.8,0.073,0.167,757,2,Store,Midwest,833.17
C01015,27,5,55.97,0.145,0.227,245,1,Organic,South,232.69
C01016,43,4,17.89,0.232,0.067,80,0,Organic,West,20
C01017,21,7,43.89,0.055,0.149,273,0,Store,West,399.7
C01018,17,1,32.01,0.191,0.239,25,2,Paid social,South,83.35
C01019,57,10,60.91,0.106,0.308,576,1,Store,West,1032.9
C01020,44,2,40.17,0.172,0.257,71,2,Search,South,135.84
C01021,61,1,73.5,0.192,0.131,70,1,Store,Northeast,111.7
C01022,50,7,80.16,0.054,0.336,485,1,Search,Midwest,746.57
C01023,49,11,55.63,0.001,0.219,686,0,Search,West,1006.87
C01024,58,4,39.3,0.158,0.255,167,0,Store,Northeast,239.09
C01025,4,5,52.59,0.078,0.192,170,1,Organic,Midwest,172.31
C01026,55,4,43.4,0.07,0.183,192,1,Referral,Midwest,168.24
C01027,50,3,64.15,0.13,0.015,197,2,Search,Midwest,360.04
C01028,71,3,73.98,0.214,0.059,201,1,Referral,South,365.14
C01029,41,5,48.73,0.18,0.279,168,1,Referral,West,178.22
C01030,48,16,122.66,0.181,0.353,1710,0,Paid social,Midwest,2591.52
C01031,70,5,35.15,0.195,0.293,123,1,Paid social,South,248.84
C01032,55,11,108.83,0.027,0.292,869,0,Paid social,Midwest,1927.84
C01033,21,3,22.95,0.242,0.272,54,1,Paid social,South,64.26
C01034,26,1,15.6,0.114,0.065,9,1,Organic,South,20
C01035,53,1,69.39,0.09,0.229,47,1,Search,Midwest,235.16
C01036,31,1,21.55,0.134,0.085,21,2,Store,West,20
C01037,64,10,66.45,0.136,0.39,567,0,Search,Northeast,1008.03
C01038,66,4,82.1,0.046,0.099,343,0,Organic,Midwest,714.58
C01039,68,5,42.18,0.184,0.266,176,1,Search,Midwest,160.01
C01040,63,7,54.92,0.094,0.262,375,1,Referral,Midwest,548.34
C01041,69,7,79.13,0.119,0.15,557,1,Store,Northeast,956.59
C01042,35,6,50.29,0.088,0.233,284,0,Search,Midwest,322.14
C01043,16,4,25.09,0.224,0.069,62,1,Referral,West,86.4
C01044,42,7,65.23,0.14,0.479,484,2,Organic,South,421.57
C01045,49,5,43.02,0.06,0.147,205,0,Referral,Midwest,201.52
C01046,65,9,53.58,0.013,0.182,306,0,Paid social,Midwest,917.82
C01047,51,7,49.67,0.112,0.387,297,3,Store,Midwest,490.06
C01048,24,1,77.44,0.127,0.263,64,2,Store,South,38.14
C01049,9,11,46.19,0.122,0.185,541,1,Store,West,532.46
C01050,30,1,55.45,0.108,0.158,57,0,Referral,Northeast,20
