customer_id,promotion_received,discount_pct,days_since_purchase,orders_6m,avg_basket,full_price_share,email_engagement,loyalty_tier,preferred_category,purchased_30d
P00001,1,25,55,7,68.85,0.796,0.027,Gold,Apparel,0
P00002,1,15,25,10,102.6,0.113,0.291,Platinum,Home,1
P00003,0,0,34,5,50.92,0.759,0.223,Silver,Electronics,0
P00004,0,0,23,8,127.24,0.836,0.348,Platinum,Apparel,0
P00005,0,0,39,5,15.88,0.478,0.142,Platinum,Electronics,0
P00006,0,0,110,3,9,0.889,0.259,Silver,Grocery,0
P00007,0,0,2,3,26.64,0.743,0.07,Platinum,Beauty,0
P00008,0,0,58,7,39.65,0.566,0.227,None,Electronics,0
P00009,1,15,85,5,74.13,0.739,0,Gold,Electronics,1
P00010,0,0,64,6,73.32,0.374,0.26,None,Grocery,0
P00011,1,20,56,7,10.15,0.655,0.244,Platinum,Grocery,1
P00012,0,0,65,5,64.35,0.722,0.341,Platinum,Home,1
P00013,0,0,7,6,78.97,0.464,0.075,None,Electronics,0
P00014,0,0,45,5,87.32,0.149,0.342,Gold,Home,1
P00015,0,0,20,6,73.75,0.467,0.227,Gold,Apparel,0
P00016,0,0,86,5,48.99,0.544,0.239,Gold,Beauty,0
P00017,1,10,55,7,66.2,0.253,0,None,Electronics,1
P00018,0,0,93,2,74.55,0.381,0,None,Grocery,0
P00019,0,0,79,5,62.75,0.168,0,Platinum,Grocery,1
P00020,1,10,91,3,62.63,0.513,0.372,Platinum,Home,1
P00021,0,0,23,5,57.85,0.239,0.082,Platinum,Grocery,0
P00022,1,10,111,4,13.99,0.298,0.075,Platinum,Electronics,1
P00023,0,0,41,8,90.79,0.567,0.002,None,Home,0
P00024,1,15,83,6,66,0.523,0.245,None,Apparel,0
P00025,0,0,20,6,92.69,0.337,0.342,Gold,Apparel,1
P00026,0,0,67,3,62.06,0.45,0,Silver,Electronics,0
P00027,1,15,100,2,108.88,0.427,0.128,Gold,Grocery,1
P00028,1,15,108,6,87.11,0.85,0.206,Platinum,Grocery,1
P00029,0,0,106,4,116.96,0.413,0.06,Silver,Beauty,0
P00030,0,0,20,7,72.37,0.203,0.47,None,Beauty,1
P00031,0,0,25,4,51.28,0.44,0.273,None,Home,0
P00032,0,0,63,7,78.72,0.424,0.165,Silver,Grocery,0
P00033,1,15,90,2,56.43,0.62,0.088,Gold,Beauty,0
P00034,0,0,13,9,62.63,0.294,0.153,Platinum,Electronics,0
P00035,1,10,89,4,40.07,0.842,0,Gold,Home,0
P00036,1,25,41,3,80.19,0.135,0.374,Silver,Grocery,1
P00037,1,10,52,6,89.57,0.659,0.36,Silver,Apparel,1
P00038,0,0,2,6,60.99,0.099,0.093,Gold,Electronics,1
P00039,1,25,72,5,70.87,0.197,0.02,None,Apparel,1
P00040,1,10,87,1,43.49,0.468,0.094,None,Apparel,0
P00041,1,25,40,5,95.96,0.666,0.009,Silver,Beauty,0
P00042,0,0,78,4,101.14,0.668,0.04,Gold,Beauty,0
P00043,0,0,103,2,77.71,0.46,0.291,None,Grocery,0
P00044,0,0,90,3,100.03,0.405,0,None,Apparel,0
P00045,1,10,17,5,51.05,0.801,0.249,None,Home,0
P00046,1,15,4,8,85.36,0.152,0.129,Silver,Home,0
P00047,1,10,12,6,49.56,0.265,0.161,None,Grocery,1
P00048,1,10,75,2,74.44,0.419,0.344,None,Apparel,0
P00049,1,20,44,5,65.18,0.357,0.346,None,Apparel,1
P00050,1,20,34,3,92.24,0.792,0.236,Platinum,Apparel,1
P00051,1,15,13,5,46.29,0.787,0.085,Gold,Beauty,1
P00052,1,15,12,4,102.97,0.511,0.241,Silver,Electronics,0
P00053,1,20,97,4,86.77,1,0.025,Platinum,Electronics,1
P00054,0,0,40,5,96.03,0.839,0.167,Gold,Apparel,1
P00055,1,10,64,3,50.86,0.14,0.508,Silver,Beauty,1
P00056,1,20,87,5,31.92,0.153,0.202,Silver,Apparel,0
P00057,0,0,77,6,38.52,0.331,0.094,Silver,Beauty,0
P00058,0,0,71,4,38.82,0.502,0.188,Gold,Apparel,1
P00059,0,0,74,4,71.36,0.587,0.266,None,Beauty,0
P00060,0,0,46,7,9,0.335,0,None,Grocery,0
P00061,0,0,55,4,85.95,0.421,0.365,Platinum,Beauty,0
P00062,0,0,100,1,81.16,0.457,0.235,Platinum,Apparel,0
P00063,0,0,53,5,82.21,0.447,0.262,None,Beauty,0
P00064,1,20,71,6,28.44,0.02,0.183,None,Electronics,1
P00065,0,0,29,6,23.61,0.457,0.096,Platinum,Apparel,0
P00066,0,0,77,2,46.3,0.614,0.34,Gold,Home,0
P00067,1,20,85,2,50.64,0.541,0.101,Platinum,Electronics,1
P00068,0,0,16,9,59.39,0.134,0.152,Silver,Electronics,0
P00069,1,15,15,8,90.09,0.851,0.064,None,Beauty,0
P00070,0,0,77,5,78.75,0.435,0.273,Silver,Grocery,0
P00071,1,20,42,6,83.54,0.433,0.248,Gold,Home,1
P00072,1,15,18,8,45.56,0.52,0.121,Platinum,Beauty,0
P00073,0,0,47,6,94.58,0.582,0.617,Platinum,Apparel,0
P00074,0,0,106,3,51.63,0.441,0.312,Gold,Home,0
P00075,1,15,101,7,55.76,0.184,0.235,Silver,Grocery,1
P00076,1,25,53,5,83.77,0.359,0.206,Platinum,Electronics,1
P00077,0,0,62,6,47.11,0.397,0.068,Gold,Grocery,0
P00078,0,0,52,6,86.19,0.791,0.326,Gold,Electronics,1
P00079,0,0,106,4,28.78,0.674,0.368,Platinum,Electronics,0
P00080,0,0,103,4,33.65,0.02,0.308,Gold,Home,0
P00081,1,25,72,5,69.53,0.708,0.201,Platinum,Apparel,1
P00082,1,10,22,8,50.16,0.292,0.26,None,Grocery,1
P00083,1,20,64,7,68.84,0.492,0.351,Gold,Apparel,0
P00084,0,0,65,3,26.08,0.98,0.071,Gold,Electronics,0
P00085,0,0,69,1,64.9,0.35,0.302,Platinum,Grocery,0
P00086,0,0,107,4,68.97,0.914,0.01,Silver,Apparel,0
P00087,0,0,98,5,125.68,0.429,0.122,Silver,Home,0
P00088,0,0,73,5,87.32,0.432,0.327,Platinum,Home,0
P00089,1,10,26,10,66.67,0.554,0.258,Silver,Apparel,1
P00090,1,15,31,7,52.26,0.448,0.112,Gold,Electronics,1
P00091,0,0,86,5,51.67,0.286,0.226,Platinum,Electronics,0
P00092,1,15,79,3,41.26,0.375,0.189,Silver,Home,1
P00093,0,0,50,2,78.6,0.708,0.097,None,Electronics,0
P00094,0,0,19,5,109.62,0.537,0.261,Silver,Home,0
P00095,0,0,29,6,104.65,0.935,0,Platinum,Electronics,0
P00096,0,0,56,6,101.25,0.149,0.098,Gold,Beauty,0
P00097,0,0,45,6,67.77,0.645,0.122,Silver,Electronics,0
P00098,0,0,103,3,39.64,0.421,0.306,Platinum,Home,0
P00099,1,25,19,4,42.65,0.314,0.271,Platinum,Apparel,0
P00100,0,0,111,6,49.2,0.36,0.037,Platinum,Electronics,0
P00101,0,0,10,6,32.72,0.645,0.033,None,Beauty,0
P00102,0,0,91,3,80.31,0.532,0.154,Platinum,Grocery,0
P00103,0,0,82,7,73.7,0.583,0.311,Silver,Electronics,0
P00104,0,0,28,3,110.15,0.168,0.163,Silver,Grocery,0
P00105,1,20,11,6,92.54,0.751,0.342,Gold,Electronics,1
P00106,0,0,59,5,17.39,0.23,0,Platinum,Grocery,1
P00107,1,15,95,1,38.88,0.343,0.084,Platinum,Apparel,0
P00108,1,15,40,8,57.71,0.409,0.094,Silver,Beauty,0
P00109,0,0,30,9,65.22,0.547,0.311,Silver,Electronics,0
P00110,0,0,73,5,83.33,0.486,0.107,None,Apparel,1
P00111,0,0,16,5,9,0.075,0.034,None,Electronics,1
P00112,1,25,102,5,89.19,0.814,0.3,None,Grocery,0
P00113,1,10,103,4,45.16,0.07,0.17,Gold,Grocery,1
P00114,0,0,27,6,9,0.251,0.302,Gold,Beauty,0
P00115,0,0,94,4,78.76,0.351,0.248,Platinum,Home,0
P00116,0,0,7,8,113.62,0.027,0.482,Silver,Home,1
P00117,1,20,21,8,76.87,0.204,0.009,Gold,Beauty,1
P00118,0,0,31,5,35.51,0.393,0.266,Platinum,Electronics,1
P00119,0,0,98,3,63.75,0.41,0.091,Gold,Grocery,0
P00120,0,0,44,6,47.62,0.371,0.126,Platinum,Electronics,0
P00121,0,0,15,4,96.06,0.45,0.408,None,Beauty,0
P00122,1,20,42,6,23.24,0.382,0.323,Silver,Home,1
P00123,1,15,9,9,101.18,0.268,0.14,Gold,Electronics,1
P00124,0,0,47,3,51.4,0.51,0.312,None,Grocery,1
P00125,0,0,5,8,83.29,0.913,0.414,None,Grocery,1
P00126,0,0,14,6,27.39,0.856,0.132,Gold,Home,1
P00127,1,15,34,7,31.4,0.539,0.2,Silver,Home,1
P00128,1,20,30,8,23.6,0.533,0.39,Gold,Home,1
P00129,0,0,8,9,22.68,0.712,0.146,Silver,Grocery,1
P00130,0,0,18,9,59.16,0.512,0.172,Platinum,Grocery,1
P00131,1,10,84,2,73.94,0.932,0.096,Silver,Beauty,1
P00132,1,10,88,3,58.75,0.712,0.339,Platinum,Apparel,1
P00133,1,10,67,6,70.63,0.409,0.13,None,Home,1
P00134,1,10,21,5,68.98,0.304,0.367,Platinum,Grocery,1
P00135,0,0,100,3,112.11,0.253,0.043,Silver,Electronics,1
P00136,1,20,34,5,82.4,0.433,0.163,Silver,Home,0
P00137,0,0,109,5,31.7,0.489,0.11,Platinum,Apparel,0
P00138,1,25,51,3,69.1,0.351,0.286,Platinum,Apparel,1
P00139,1,15,49,7,9,0.535,0.26,None,Electronics,1
P00140,0,0,86,5,30.61,0.497,0.234,Platinum,Home,0
P00141,0,0,13,8,52.31,0.175,0.128,Gold,Beauty,1
P00142,1,25,39,7,9.14,0.537,0.478,Platinum,Apparel,1
P00143,1,10,92,3,12.94,0.705,0.553,None,Home,0
P00144,1,20,34,3,39.99,0.44,0.119,Platinum,Grocery,1
P00145,0,0,31,3,50.36,0.347,0.238,Gold,Home,0
P00146,0,0,86,7,9,0.571,0.345,Silver,Electronics,0
P00147,0,0,109,3,51.47,0.607,0.238,None,Electronics,0
P00148,1,15,43,3,78.28,1,0.174,Platinum,Beauty,0
P00149,0,0,91,6,70.11,0.655,0.05,Gold,Home,0
P00150,1,15,31,8,63.73,0.856,0.525,None,Beauty,1
P00151,1,25,109,2,55.04,0.639,0.073,Gold,Electronics,0
P00152,1,20,21,6,45.92,0.83,0.105,Silver,Beauty,0
P00153,0,0,70,5,20.35,0.163,0.052,Gold,Apparel,0
P00154,1,20,5,8,73.09,0.78,0.165,Gold,Electronics,1
P00155,0,0,37,6,9,0.548,0.394,Platinum,Grocery,0
P00156,1,15,41,3,26.77,0.406,0.079,Gold,Grocery,1
P00157,0,0,100,3,66.82,0.503,0.255,None,Home,0
P00158,0,0,54,7,55.1,0.088,0.008,None,Grocery,1
P00159,0,0,36,6,62.81,0.54,0.205,None,Apparel,0
P00160,0,0,34,4,60.92,0.374,0.115,Silver,Electronics,0
P00161,0,0,42,9,99.26,0.12,0.037,Gold,Home,0
P00162,1,20,53,6,92.47,1,0.206,Silver,Home,1
P00163,1,20,29,9,13.46,0.07,0,Silver,Apparel,0
P00164,0,0,77,5,53.28,0.975,0.238,None,Grocery,0
P00165,0,0,26,6,76.37,0.465,0.403,Gold,Grocery,0
P00166,0,0,100,3,49.52,0.02,0.153,Gold,Apparel,0
P00167,0,0,15,2,67.05,0.165,0.253,Silver,Electronics,0
P00168,0,0,110,4,92.49,0.54,0.297,None,Home,0
P00169,1,20,56,3,32.81,0.331,0.375,Platinum,Electronics,1
P00170,0,0,85,6,75.15,0.779,0.233,Gold,Home,1
P00171,1,10,88,8,49.64,0.234,0.286,Platinum,Electronics,1
P00172,1,25,58,5,60.57,0.476,0.351,Silver,Grocery,1
P00173,1,20,17,6,101.75,0.188,0.17,Gold,Apparel,1
P00174,1,20,54,6,83.68,0.728,0.401,Gold,Apparel,1
P00175,1,20,25,5,65.94,0.02,0.104,Gold,Home,0
P00176,1,25,71,3,24.14,0.8,0.199,None,Grocery,0
P00177,0,0,46,4,9,0.52,0.126,None,Home,0
P00178,1,20,63,3,84,0.534,0.243,Gold,Grocery,0
P00179,0,0,81,2,89.46,0.932,0.162,Gold,Home,0
P00180,1,20,33,8,109.97,0.744,0.151,None,Beauty,1
P00181,0,0,36,2,97.77,0.09,0.388,Silver,Grocery,0
P00182,0,0,33,9,72.01,0.409,0.187,Gold,Apparel,0
P00183,0,0,89,6,42.33,0.53,0.065,Silver,Home,0
P00184,0,0,54,7,38.41,0.302,0.378,Silver,Electronics,0
P00185,0,0,52,2,48.69,0.338,0.242,Platinum,Grocery,0
P00186,0,0,31,6,56.5,1,0.078,Gold,Beauty,0
P00187,1,15,68,5,102.28,0.65,0.524,None,Grocery,0
P00188,0,0,62,8,70.54,0.293,0.232,Silver,Electronics,0
P00189,1,25,25,7,42.81,1,0.104,None,Home,0
P00190,0,0,89,4,43.64,0.505,0.128,Gold,Beauty,0
P00191,1,20,51,5,106.2,0.162,0.049,Gold,Electronics,1
P00192,1,20,107,3,115.22,0.48,0.101,Silver,Grocery,0
P00193,1,20,76,6,9,0.456,0.258,Platinum,Grocery,0
P00194,1,20,20,5,79.21,0.639,0.282,Platinum,Home,1
P00195,0,0,42,3,90.43,0.17,0.297,Platinum,Electronics,0
P00196,0,0,61,6,86.76,0.149,0.131,Platinum,Apparel,1
P00197,1,20,56,3,45.2,0.578,0.02,Platinum,Grocery,1
P00198,1,15,68,6,126.34,0.314,0.128,Silver,Apparel,1
P00199,0,0,67,6,33.82,0.165,0,Silver,Beauty,0
P00200,0,0,111,2,26.97,0.749,0.267,Silver,Electronics,0
P00201,1,25,12,9,63.24,0.239,0.006,Gold,Grocery,1
P00202,0,0,24,9,71.11,1,0.067,None,Apparel,1
P00203,1,25,26,5,57.18,0.678,0.46,Platinum,Beauty,0
P00204,1,15,99,3,11.53,0.544,0.263,Gold,Apparel,0
P00205,1,20,58,4,26.47,0.536,0,Platinum,Electronics,1
P00206,1,10,27,5,88.07,0.423,0.325,Silver,Grocery,0
P00207,1,15,16,5,27.1,0.066,0.454,Gold,Electronics,1
P00208,0,0,29,5,60.86,0.143,0.101,Platinum,Beauty,1
P00209,1,15,40,3,42.93,0.255,0.301,Platinum,Electronics,0
P00210,1,25,56,5,90.73,0.661,0.245,Gold,Grocery,0
P00211,1,10,48,7,114.79,0.645,0.492,Silver,Electronics,0
P00212,1,15,32,6,86.75,0.23,0.097,Platinum,Grocery,1
P00213,0,0,93,2,49.48,0.596,0.17,Gold,Apparel,0
P00214,0,0,19,6,58.68,0.429,0.282,None,Home,0
P00215,0,0,84,3,62.96,0.623,0.196,Platinum,Beauty,0
P00216,1,15,24,6,54.37,0.701,0.113,Gold,Beauty,0
P00217,1,15,21,6,75.41,0.449,0.231,Silver,Electronics,0
P00218,1,20,55,4,45.28,0.634,0,None,Apparel,1
P00219,1,20,37,8,113,0.493,0.284,Silver,Home,0
P00220,1,10,107,4,70.48,0.337,0.188,Gold,Grocery,0
P00221,0,0,32,6,98.43,0.619,0.054,Silver,Electronics,0
P00222,0,0,101,4,88.54,0.354,0.23,Platinum,Home,0
P00223,0,0,18,4,18.55,0.803,0.289,Platinum,Grocery,0
P00224,1,15,29,7,48.45,0.55,0.061,Silver,Home,1
P00225,1,10,57,2,44.34,0.182,0,Gold,Apparel,1
P00226,0,0,27,6,67.1,1,0.343,None,Home,0
P00227,1,25,16,5,43.03,0.825,0.223,Silver,Home,0
P00228,0,0,29,7,28.26,0.509,0.084,Silver,Apparel,0
P00229,0,0,3,8,71.91,0.476,0.19,Silver,Apparel,0
P00230,0,0,94,1,95.76,0.4,0.183,Silver,Grocery,0
P00231,1,15,77,3,70.29,0.576,0.178,Gold,Electronics,1
P00232,0,0,95,6,47.03,0.205,0.192,Gold,Home,1
P00233,0,0,80,4,59.18,0.319,0.182,Platinum,Beauty,0
P00234,0,0,93,2,36.28,0.533,0.375,Platinum,Home,0
P00235,0,0,18,8,48.78,0.35,0.195,Platinum,Home,1
P00236,0,0,65,4,47.44,0.732,0.138,Gold,Home,0
P00237,0,0,41,3,80.79,0.487,0.271,Silver,Beauty,0
P00238,1,20,20,10,37.05,0.388,0.32,None,Home,0
P00239,0,0,43,5,48.42,0.588,0.141,Platinum,Home,0
P00240,0,0,8,6,21.4,0.402,0.295,Silver,Electronics,1
P00241,0,0,109,1,95.28,0.65,0.291,None,Home,0
P00242,1,10,91,7,64.17,0.267,0.195,Silver,Apparel,1
P00243,0,0,14,5,76.97,0.253,0.174,Silver,Electronics,0
P00244,1,10,107,1,117.56,0.325,0.133,Gold,Home,0
P00245,1,15,68,6,72.08,0.851,0.361,None,Home,0
P00246,1,15,74,4,102.94,0.352,0.379,None,Beauty,1
P00247,1,15,79,2,59.5,0.526,0.27,None,Electronics,0
P00248,1,15,42,7,67.29,0.197,0.148,Gold,Home,1
P00249,0,0,74,2,35.61,0.398,0.083,Silver,Electronics,0
P00250,0,0,83,3,78.42,0.287,0.585,Gold,Beauty,1
P00251,0,0,44,7,34.8,0.647,0.277,Platinum,Grocery,1
P00252,1,10,56,5,34.48,0.183,0.228,None,Grocery,1
P00253,1,25,5,7,75.74,0.02,0.095,Gold,Beauty,1
P00254,1,20,41,4,27.21,0.145,0.033,Platinum,Apparel,1
P00255,0,0,32,4,118.33,0.328,0,Platinum,Apparel,0
P00256,1,15,80,4,63.25,0.101,0.244,Gold,Home,0
P00257,1,25,38,8,40.9,0.945,0.372,Silver,Apparel,1
P00258,0,0,111,6,40.04,0.323,0.225,None,Electronics,1
P00259,0,0,34,7,35.42,0.589,0.153,Gold,Home,0
P00260,1,10,4,9,80.78,0.386,0.033,Gold,Apparel,1
P00261,1,15,47,4,95.12,0.714,0.101,Silver,Home,0
P00262,1,10,19,7,52.4,0.555,0.113,None,Home,1
P00263,1,10,66,7,110.25,0.343,0.406,Silver,Grocery,1
P00264,1,10,100,5,82.45,0.549,0.116,Gold,Apparel,1
P00265,0,0,39,6,91.14,0.617,0.224,Platinum,Electronics,0
P00266,1,20,59,5,98.56,0.431,0.198,None,Home,0
P00267,1,10,36,7,75.72,0.177,0.358,Platinum,Beauty,1
P00268,1,25,15,4,85.17,0.51,0.143,Platinum,Home,0
P00269,0,0,110,4,70.65,0.379,0.348,None,Home,0
P00270,1,20,64,2,92.69,0.533,0.184,Silver,Electronics,1
P00271,1,25,53,3,98.23,0.396,0.183,Platinum,Grocery,0
P00272,1,10,21,7,97.58,0.677,0.324,Gold,Grocery,1
P00273,0,0,13,6,60.3,0.131,0.132,None,Home,0
P00274,1,10,28,7,76.66,0.353,0.047,Silver,Apparel,0
P00275,0,0,90,2,39.62,0.751,0.043,None,Grocery,0
P00276,0,0,26,6,83.04,0.272,0.408,Platinum,Grocery,0
P00277,1,10,99,3,95.49,0.861,0.226,Platinum,Home,1
P00278,0,0,10,4,110.19,0.02,0.17,Platinum,Electronics,0
P00279,0,0,57,9,44.67,0.622,0.258,Platinum,Electronics,1
P00280,1,10,11,9,111.75,0.742,0.1,Silver,Beauty,0
P00281,0,0,78,6,111.78,0.502,0.049,Gold,Apparel,0
P00282,0,0,14,8,28.57,0.49,0.179,Gold,Grocery,0
P00283,1,20,68,3,9,0.675,0.291,Gold,Apparel,0
P00284,0,0,43,7,79.63,0.63,0.3,None,Grocery,0
P00285,1,10,24,4,38.53,0.581,0,Silver,Electronics,0
P00286,0,0,42,8,58.71,0.357,0.212,Gold,Home,0
P00287,0,0,63,6,62.22,0.456,0.212,None,Apparel,0
P00288,0,0,74,8,25.79,0.786,0.216,None,Electronics,0
P00289,1,10,3,5,72.94,0.275,0.176,Platinum,Beauty,1
P00290,0,0,57,5,48.07,0.596,0.325,Silver,Beauty,0
P00291,1,10,77,5,105.81,0.144,0.423,None,Apparel,1
P00292,1,15,90,3,57.39,0.322,0.14,Silver,Electronics,0
P00293,0,0,76,3,63.75,0.641,0.21,None,Beauty,0
P00294,0,0,79,3,83.23,0.492,0,Gold,Apparel,0
P00295,1,10,78,5,92.63,0.425,0.258,None,Beauty,1
P00296,1,20,65,7,9,0.418,0.358,Silver,Apparel,1
P00297,1,25,65,1,91.98,0.597,0.415,Platinum,Grocery,1
P00298,1,20,105,3,68.11,0.681,0.101,None,Apparel,0
P00299,0,0,99,5,63.49,0.942,0.054,None,Grocery,0
P00300,1,20,31,9,75.22,0.605,0.234,Gold,Apparel,1
P00301,0,0,89,5,31.67,0.59,0.3,Platinum,Electronics,0
P00302,0,0,90,5,60.8,0.02,0.037,Gold,Home,0
P00303,1,25,96,5,107.32,0.756,0.108,None,Home,0
P00304,0,0,99,5,88.34,0.145,0.024,None,Apparel,0
P00305,0,0,17,9,86.83,0.669,0,None,Beauty,0
P00306,0,0,48,3,60.57,0.113,0.169,Gold,Apparel,0
P00307,0,0,33,8,43.98,0.106,0.017,Silver,Electronics,0
P00308,0,0,42,5,55.01,0.232,0.459,Silver,Beauty,0
P00309,0,0,13,7,58.24,0.197,0.218,None,Apparel,1
P00310,1,20,55,3,17.48,0.681,0.024,None,Apparel,0
P00311,1,20,70,4,31.75,0.673,0.138,Silver,Home,0
P00312,1,20,13,8,92.32,0.393,0.259,Platinum,Home,1
P00313,1,10,25,4,68.79,0.224,0.242,Silver,Beauty,0
P00314,1,10,58,4,46.43,0.479,0.139,Silver,Electronics,0
P00315,1,20,65,3,44.13,0.543,0.175,Platinum,Electronics,0
P00316,1,20,24,4,61.74,0.75,0.281,None,Beauty,1
P00317,1,10,24,8,73.48,0.393,0.245,Silver,Apparel,0
P00318,1,15,109,5,64.37,0.335,0.341,Platinum,Electronics,1
P00319,0,0,87,2,73.28,0.555,0.239,Platinum,Grocery,0
P00320,0,0,65,7,23.38,0.716,0.122,None,Apparel,0
P00321,0,0,22,5,110.41,0.723,0.271,Platinum,Grocery,0
P00322,1,20,8,3,48.57,0.354,0.231,None,Electronics,0
P00323,1,10,42,8,9.98,0.988,0.295,None,Beauty,1
P00324,0,0,71,4,38.07,0.737,0.223,Silver,Home,0
P00325,1,10,46,4,70.68,0.352,0,Platinum,Electronics,1
P00326,0,0,98,7,68.61,0.801,0.125,Silver,Beauty,1
P00327,1,20,12,6,40.25,1,0.062,Silver,Grocery,0
P00328,0,0,11,7,65.11,0.437,0.082,None,Beauty,1
P00329,0,0,52,6,61.58,0.52,0.092,Silver,Electronics,0
P00330,0,0,39,8,84.02,0.259,0.118,Gold,Beauty,1
P00331,0,0,23,6,45.58,1,0.305,None,Beauty,0
P00332,0,0,19,5,75.33,0.46,0.235,None,Electronics,0
P00333,0,0,13,7,52.42,0.02,0.36,Silver,Apparel,0
P00334,1,10,29,7,67.32,0.06,0.043,Gold,Grocery,1
P00335,0,0,4,7,21.78,0.944,0.401,Gold,Grocery,1
P00336,0,0,70,3,43.99,0.693,0.153,None,Beauty,0
P00337,1,10,66,7,28.35,0.786,0.14,Gold,Beauty,0
P00338,1,25,70,5,72.42,0.409,0.309,Silver,Apparel,0
P00339,0,0,99,2,14.26,0.762,0.199,Platinum,Home,0
P00340,1,25,57,2,48.23,0.222,0.248,Silver,Beauty,0
P00341,0,0,87,2,45.55,0.393,0.061,Gold,Electronics,0
P00342,0,0,59,4,56.19,0.983,0.105,Silver,Electronics,0
P00343,0,0,109,5,122.55,0.18,0.243,Silver,Home,0
P00344,1,10,11,6,79.69,0.536,0.494,Platinum,Apparel,1
P00345,0,0,9,5,90.86,0.747,0.299,Silver,Electronics,0
P00346,0,0,93,4,88.72,0.243,0.117,Silver,Apparel,0
P00347,0,0,84,3,19.48,0.41,0.362,Gold,Apparel,0
P00348,1,10,41,6,89.8,0.295,0.463,Platinum,Electronics,1
P00349,1,15,10,7,42.08,0.02,0.212,Platinum,Apparel,1
P00350,1,15,55,4,9,0.379,0.217,Silver,Electronics,1
P00351,0,0,19,8,47.54,0.519,0,Silver,Home,1
P00352,1,10,47,5,48.98,0.183,0.036,Gold,Apparel,0
P00353,0,0,22,5,44.8,0.571,0.25,Platinum,Electronics,0
P00354,0,0,14,5,75.85,0.02,0,None,Home,0
P00355,1,15,37,7,9.37,0.933,0,None,Grocery,0
P00356,1,20,34,6,58.1,0.889,0.195,Gold,Grocery,0
P00357,1,25,42,3,43.28,1,0.112,Platinum,Apparel,1
P00358,1,20,51,6,125.71,0.513,0.095,Gold,Beauty,1
P00359,1,25,20,6,87.94,0.663,0.258,Silver,Beauty,0
P00360,1,20,107,5,73.45,0.691,0.217,Platinum,Electronics,0
P00361,1,10,84,4,86.64,0.096,0.369,None,Home,1
P00362,0,0,37,6,83.75,0.588,0.273,Platinum,Beauty,0
P00363,1,10,104,4,81.93,0.551,0.242,None,Apparel,0
P00364,1,10,90,6,34.4,0.184,0.119,Platinum,Electronics,1
P00365,0,0,3,8,54.08,0.02,0.161,Gold,Grocery,0
P00366,0,0,8,6,85.04,0.598,0.133,Platinum,Home,0
P00367,1,20,4,5,45.21,0.661,0.379,Silver,Beauty,0
P00368,0,0,111,4,88.68,0.398,0.02,Platinum,Grocery,0
P00369,0,0,66,7,46.99,0.232,0.271,Gold,Apparel,1
P00370,1,15,92,4,40.51,0.324,0.191,None,Grocery,0
P00371,0,0,92,6,44.1,0.075,0.152,Silver,Electronics,0
P00372,1,10,88,5,79.9,0.637,0.3,Gold,Home,1
P00373,0,0,76,8,43.06,0.597,0.182,Gold,Electronics,0
P00374,0,0,58,5,93.1,0.689,0.127,Gold,Electronics,0
P00375,0,0,98,6,63.16,0.626,0.33,None,Home,0
P00376,0,0,70,7,65.56,0.443,0.201,Platinum,Beauty,0
P00377,0,0,16,5,80.56,0.659,0.363,Platinum,Grocery,1
P00378,0,0,56,5,63.23,0.478,0.188,Platinum,Home,1
P00379,0,0,80,5,44.5,0.662,0.341,None,Electronics,0
P00380,1,20,103,5,60.52,0.48,0.371,None,Electronics,0
P00381,1,15,84,3,35.76,0.871,0.143,Silver,Home,0
P00382,0,0,47,5,91.57,0.706,0.262,None,Home,0
P00383,0,0,30,8,96.88,0.348,0.197,Silver,Electronics,1
P00384,1,15,74,3,25.75,0.02,0.05,Gold,Home,1
P00385,0,0,64,6,83.42,0.648,0.302,Silver,Grocery,0
P00386,1,25,34,4,82.99,0.331,0.154,Platinum,Beauty,1
P00387,1,10,74,2,87.99,0.246,0.004,Platinum,Beauty,0
P00388,1,10,84,6,39.88,0.597,0.314,Silver,Apparel,1
P00389,1,20,93,3,129.91,0.883,0.074,Silver,Apparel,0
P00390,0,0,109,3,84.83,0.594,0.384,None,Home,0
P00391,1,10,28,4,38.42,0.59,0.193,Gold,Home,1
P00392,0,0,106,3,46.01,0.52,0.133,Gold,Apparel,0
P00393,0,0,109,6,30.3,0.332,0.199,Silver,Beauty,0
P00394,1,10,6,6,50.72,0.449,0.091,Platinum,Home,0
P00395,0,0,111,2,105.52,0.749,0.429,Silver,Home,1
P00396,0,0,3,6,46.5,0.932,0.445,None,Grocery,0
P00397,1,20,95,4,73.17,0.62,0.23,Silver,Apparel,1
P00398,1,15,48,7,51.47,0.891,0.104,Platinum,Apparel,0
P00399,1,15,80,5,63.42,0.264,0.253,Silver,Beauty,0
P00400,0,0,15,6,34.3,0.164,0.158,None,Apparel,0
P00401,1,10,77,1,57.01,0.534,0.138,Silver,Home,0
P00402,0,0,103,6,49.97,0.393,0.034,Platinum,Electronics,0
P00403,0,0,47,6,124.7,0.02,0.256,None,Beauty,0
P00404,0,0,30,8,76.88,0.436,0.095,Platinum,Grocery,1
P00405,1,25,59,4,70.91,0.287,0.298,Gold,Beauty,0
P00406,1,20,54,8,85.44,0.264,0.257,Gold,Electronics,1
P00407,0,0,39,2,72.66,0.675,0.094,None,Grocery,0
P00408,1,25,36,6,60.46,0.21,0.13,Silver,Beauty,1
P00409,1,25,111,3,62.31,1,0.304,Silver,Grocery,0
P00410,1,20,25,6,48.25,0.53,0.299,Silver,Grocery,1
P00411,0,0,50,1,74.84,0.325,0.236,Silver,Apparel,1
P00412,0,0,65,3,105.43,0.744,0.161,Silver,Grocery,1
P00413,1,25,47,5,39.89,0.714,0.066,None,Grocery,1
P00414,1,15,75,4,26.35,0.334,0.216,Platinum,Grocery,0
P00415,0,0,53,9,73.87,0.437,0.131,Silver,Beauty,0
P00416,0,0,12,8,22.73,0.836,0.334,Silver,Grocery,0
P00417,0,0,95,3,40.29,0.068,0.072,None,Electronics,0
P00418,0,0,60,3,42.31,0.252,0.308,None,Apparel,0
P00419,0,0,76,0,55.65,0.677,0.015,None,Beauty,0
P00420,1,25,62,3,123.51,0.584,0.23,Silver,Beauty,0
P00421,0,0,111,2,89.31,0.438,0.195,None,Electronics,0
P00422,1,25,3,6,101.98,0.314,0.303,Silver,Grocery,1
P00423,0,0,23,3,9,0.59,0.249,Gold,Apparel,0
P00424,1,25,37,8,18.61,0.629,0.177,Silver,Electronics,0
P00425,1,20,17,9,94.41,0.609,0.051,None,Electronics,1
P00426,0,0,100,4,17.92,0.539,0.273,Platinum,Beauty,0
P00427,1,15,17,8,13.44,0.265,0.255,None,Home,0
P00428,0,0,63,6,22.63,0.613,0.214,Silver,Beauty,0
P00429,0,0,96,7,68.92,0.639,0.201,Gold,Apparel,1
P00430,0,0,66,4,71.96,0.764,0.181,Gold,Home,0
P00431,1,20,50,2,136.74,0.494,0.104,Silver,Grocery,0
P00432,1,15,105,3,133.3,0.319,0.106,Silver,Electronics,1
P00433,0,0,3,6,45.45,0.525,0.266,None,Apparel,0
P00434,0,0,57,4,89.11,0.967,0.286,None,Beauty,0
P00435,1,25,52,5,111.88,0.303,0.024,Gold,Home,1
P00436,1,25,34,7,18.03,0.481,0.158,None,Beauty,1
P00437,1,20,102,6,40.06,0.462,0.157,Gold,Grocery,0
P00438,1,20,22,9,58.84,0.235,0.355,Silver,Home,1
P00439,0,0,13,8,60.25,0.832,0.115,Platinum,Grocery,0
P00440,1,15,52,9,21.68,0.402,0.372,Gold,Home,1
P00441,1,15,5,6,9,0.306,0.282,Silver,Beauty,1
P00442,0,0,42,4,89.76,0.234,0.198,Silver,Beauty,0
P00443,0,0,58,7,44.04,0.515,0.324,Platinum,Apparel,0
P00444,1,15,30,8,37.33,0.156,0.12,Gold,Home,1
P00445,1,15,106,7,52.51,0.626,0.201,Platinum,Apparel,1
P00446,1,10,44,3,77,0.442,0.253,Gold,Electronics,1
P00447,1,10,8,9,37.03,0.426,0.262,Silver,Beauty,0
P00448,0,0,101,2,41.18,0.409,0.007,Platinum,Apparel,0
P00449,1,10,47,4,85.89,0.17,0.016,None,Grocery,0
P00450,1,20,81,5,75.12,0.305,0,Silver,Electronics,0
P00451,0,0,103,5,61.62,0.487,0.43,Platinum,Apparel,1
P00452,0,0,99,7,43.31,0.433,0.511,Gold,Electronics,0
P00453,0,0,78,4,51.84,0.323,0.156,Platinum,Beauty,0
P00454,1,10,99,2,13.93,0.587,0.271,Silver,Grocery,0
P00455,1,25,61,2,137.43,0.414,0.153,None,Grocery,0
P00456,0,0,21,5,80.69,0.516,0.135,Gold,Electronics,0
P00457,1,15,4,7,61.15,0.399,0.167,Platinum,Beauty,1
P00458,0,0,73,6,79.74,0.637,0.174,Platinum,Electronics,0
P00459,1,20,83,5,71.3,0.219,0.249,None,Electronics,1
P00460,0,0,104,2,55.99,0.947,0.106,None,Beauty,0
P00461,1,25,21,7,50.59,0.257,0.396,Gold,Home,1
P00462,0,0,3,6,34.05,0.258,0.249,Gold,Apparel,1
P00463,0,0,51,6,23.91,0.345,0.145,Platinum,Electronics,1
P00464,1,10,72,5,77.34,0.296,0.242,Silver,Home,1
P00465,1,25,40,7,41.89,0.3,0.358,None,Home,1
P00466,0,0,43,5,82.32,0.02,0.141,Silver,Electronics,0
P00467,1,15,75,5,27.35,0.14,0.314,Platinum,Beauty,1
P00468,0,0,110,3,45.48,0.145,0.226,Silver,Grocery,0
P00469,0,0,23,7,39.88,0.449,0.285,Gold,Electronics,1
P00470,0,0,61,5,56.2,0.094,0.367,None,Electronics,0
P00471,0,0,81,7,28.85,0.58,0.46,Silver,Home,0
P00472,0,0,98,2,52.5,0.416,0.333,Silver,Home,0
P00473,0,0,17,7,79.85,0.281,0.176,None,Electronics,0
P00474,0,0,3,9,88.6,0.383,0.161,Platinum,Apparel,0
P00475,1,10,63,5,61.07,0.136,0.119,Silver,Home,1
P00476,0,0,78,6,60.56,0.708,0.185,Silver,Apparel,0
P00477,0,0,55,2,24.8,0.684,0.063,Silver,Home,0
P00478,0,0,22,6,60.3,0.351,0.088,None,Grocery,0
P00479,1,25,31,6,30.14,0.399,0.139,Gold,Grocery,1
P00480,1,20,95,5,60.08,0.462,0.316,None,Beauty,0
P00481,1,25,12,10,98.32,0.092,0.201,Silver,Grocery,1
P00482,1,25,22,9,50.26,0.331,0.339,None,Electronics,1
P00483,1,20,103,3,58.56,0.796,0.192,None,Apparel,0
P00484,0,0,82,4,40.44,0.977,0.223,Silver,Apparel,0
P00485,0,0,75,5,116.07,0.171,0.141,Silver,Apparel,0
P00486,0,0,75,5,39.14,0.368,0,Silver,Grocery,0
P00487,0,0,31,6,71.85,0.324,0.112,Platinum,Electronics,0
P00488,0,0,33,7,83.31,0.18,0.264,Silver,Grocery,0
P00489,0,0,41,6,83.14,0.19,0.205,None,Apparel,0
P00490,0,0,4,7,57.92,0.232,0.276,Silver,Beauty,0
P00491,1,10,26,6,44.92,0.549,0.275,Platinum,Apparel,1
P00492,1,10,3,6,9,0.554,0.277,Gold,Home,0
P00493,0,0,3,7,96.12,0.471,0.348,Silver,Electronics,1
P00494,0,0,65,6,73.99,0.418,0.334,None,Electronics,0
P00495,0,0,54,7,45.54,0.568,0.147,Gold,Electronics,0
P00496,0,0,6,8,25.95,0.715,0.203,None,Electronics,1
P00497,0,0,28,4,82.76,0.109,0.275,Gold,Beauty,0
P00498,1,25,87,4,60.58,0.514,0.328,Silver,Home,1
P00499,0,0,42,6,54.62,0.538,0.014,Platinum,Electronics,0
P00500,0,0,77,8,64.52,0.232,0.26,Silver,Apparel,0
P00501,0,0,36,9,94.97,0.682,0.248,Gold,Beauty,1
P00502,1,25,55,4,61.4,0.52,0,Silver,Electronics,0
P00503,0,0,49,3,51.41,0.477,0.153,Platinum,Electronics,0
P00504,1,10,68,4,46.88,1,0.211,Gold,Apparel,1
P00505,0,0,14,7,10.49,0.161,0.16,Gold,Apparel,0
P00506,0,0,45,4,28.61,0.271,0.357,Silver,Beauty,0
P00507,1,20,89,6,9,0.525,0.204,Silver,Home,0
P00508,1,15,43,4,97.62,0.127,0.241,Gold,Beauty,1
P00509,0,0,107,5,71.49,0.667,0.01,Silver,Home,1
P00510,1,25,57,6,70.74,0.697,0.502,Platinum,Beauty,1
P00511,1,15,51,2,55.11,0.423,0.196,Gold,Home,1
P00512,1,15,49,3,72.38,0.064,0.221,None,Apparel,0
P00513,0,0,90,4,104.78,0.66,0.292,Gold,Beauty,0
P00514,0,0,21,5,48.19,0.822,0.118,None,Electronics,0
P00515,1,15,31,6,76.91,0.439,0.368,None,Home,1
P00516,0,0,84,4,43.13,0.641,0.253,Silver,Electronics,0
P00517,0,0,6,8,78.08,0.498,0.168,Silver,Beauty,1
P00518,1,15,55,3,69.28,0.482,0.244,Platinum,Apparel,0
P00519,1,15,83,6,19.67,0.967,0.052,Platinum,Home,0
P00520,0,0,22,5,38.03,0.794,0.14,Gold,Home,0
P00521,0,0,60,8,59.14,0.53,0.277,Silver,Apparel,0
P00522,1,15,109,5,61.12,0.521,0.19,Silver,Beauty,1
P00523,1,25,85,3,48.66,0.294,0.165,Silver,Grocery,1
P00524,1,10,23,7,125.46,0.46,0.325,Silver,Grocery,0
P00525,1,15,111,2,88.02,0.637,0.356,Gold,Grocery,0
P00526,1,25,79,6,18.71,0.383,0.396,None,Beauty,1
P00527,0,0,81,3,77.68,0.06,0.374,Gold,Beauty,1
P00528,0,0,72,6,60.82,0.168,0,None,Beauty,0
P00529,1,15,91,1,60.21,0.02,0.474,Silver,Electronics,0
P00530,0,0,99,2,35.14,0.721,0.193,Gold,Beauty,1
P00531,0,0,83,4,56.02,0.28,0.151,Silver,Grocery,0
P00532,1,20,14,7,50.09,0.644,0.315,None,Apparel,1
P00533,1,15,42,5,51.13,0.706,0.106,Platinum,Apparel,1
P00534,1,10,97,6,40.69,0.472,0.222,Platinum,Beauty,0
P00535,0,0,25,7,103.33,0.814,0.182,Platinum,Electronics,1
P00536,0,0,32,8,37.12,0.02,0.026,Gold,Electronics,0
P00537,0,0,99,0,49.66,0.809,0,Gold,Electronics,0
P00538,1,15,12,8,42.51,0.139,0.217,None,Home,1
P00539,1,25,26,7,53.24,0.671,0.114,Platinum,Electronics,1
P00540,1,10,42,4,122.66,0.502,0.136,Platinum,Apparel,0
P00541,0,0,62,7,25.35,0.56,0.36,Silver,Beauty,0
P00542,0,0,69,6,75.64,0.524,0.115,Platinum,Home,0
P00543,1,25,45,5,95.43,0.258,0.074,Gold,Electronics,0
P00544,1,15,73,2,62.57,0.405,0.313,None,Beauty,0
P00545,1,10,64,8,85.24,0.72,0.165,None,Home,0
P00546,0,0,43,6,71.81,0.885,0.255,Platinum,Grocery,0
P00547,0,0,39,4,73.93,0.13,0.251,None,Beauty,0
P00548,1,10,6,8,56.13,0.403,0.113,Gold,Home,1
P00549,0,0,69,7,64.71,0.039,0.334,None,Apparel,0
P00550,1,25,45,6,88.46,0.155,0.163,None,Grocery,1
P00551,0,0,14,9,15.84,0.725,0.371,Platinum,Apparel,1
P00552,0,0,47,4,76.08,0.601,0.085,Platinum,Home,0
P00553,1,15,23,5,76.39,0.509,0.144,Platinum,Grocery,0
P00554,0,0,17,6,35.41,0.239,0.336,Silver,Grocery,0
P00555,1,15,44,5,126.17,0.463,0.257,Platinum,Grocery,1
P00556,0,0,3,6,56.38,0.053,0.042,None,Home,0
P00557,1,20,41,4,77.06,0.339,0,Gold,Home,1
P00558,0,0,8,4,9,0.146,0.27,Gold,Beauty,0
P00559,0,0,21,4,85.31,0.208,0.083,None,Home,0
P00560,0,0,30,6,31.12,0.712,0.154,None,Beauty,0
P00561,0,0,23,9,42.35,0.286,0.167,None,Beauty,1
P00562,0,0,88,3,116.7,0.341,0.274,Gold,Electronics,0
P00563,0,0,102,1,11.19,0.465,0.238,None,Beauty,0
P00564,0,0,15,8,55.42,0.528,0.089,Platinum,Apparel,0
P00565,0,0,2,5,39.51,0.32,0.145,Silver,Grocery,0
P00566,0,0,31,7,70.59,0.101,0.262,Gold,Electronics,1
P00567,0,0,83,2,72.88,1,0.293,None,Apparel,0
P00568,1,15,106,3,82.32,0.407,0,Platinum,Grocery,1
P00569,0,0,13,6,93.08,0.412,0.153,Gold,Electronics,0
P00570,0,0,69,6,82.44,0.9,0.422,Platinum,Grocery,0
P00571,0,0,62,4,103.82,0.447,0.094,Platinum,Home,1
P00572,1,10,47,8,63.48,0.315,0.276,Silver,Apparel,1
P00573,0,0,23,4,62.59,0.563,0.171,Silver,Apparel,0
P00574,1,25,47,4,12.47,0.454,0.152,Gold,Grocery,1
P00575,0,0,83,6,59.37,0.735,0.09,Platinum,Home,0
P00576,0,0,45,4,70.8,0.399,0.222,Silver,Beauty,0
P00577,1,25,24,5,111.14,0.187,0.096,Gold,Home,0
P00578,0,0,77,6,74.8,0.02,0.257,Gold,Home,0
P00579,0,0,43,6,9,0.534,0.127,Gold,Electronics,0
P00580,1,25,45,3,58.95,0.445,0.372,None,Beauty,0
P00581,1,15,57,7,62.89,0.368,0.243,Silver,Beauty,1
P00582,0,0,86,4,51.45,0.274,0,Platinum,Electronics,0
P00583,0,0,81,5,9,0.573,0.369,Gold,Apparel,0
P00584,0,0,28,7,79.78,0.82,0.117,None,Beauty,0
P00585,1,15,17,9,93.46,0.617,0.336,Gold,Beauty,1
P00586,0,0,105,4,26.78,0.539,0.266,Gold,Electronics,0
P00587,0,0,54,7,123.37,0.727,0.189,Gold,Beauty,1
P00588,1,15,77,2,47.01,0.43,0.062,None,Electronics,0
P00589,0,0,95,4,82.16,0.483,0,Platinum,Apparel,0
P00590,1,25,15,5,60.09,0.571,0.329,None,Grocery,1
P00591,0,0,62,4,49.73,0.626,0.283,None,Apparel,0
P00592,1,10,108,4,55.76,0.492,0.049,None,Grocery,0
P00593,1,15,90,2,89.54,0.04,0.176,Gold,Home,0
P00594,0,0,3,8,90.72,0.569,0.264,Platinum,Electronics,0
P00595,1,20,28,9,48.18,0.718,0.266,Platinum,Grocery,0
P00596,1,10,64,7,47.76,0.388,0.073,Platinum,Beauty,0
P00597,1,15,39,6,27.78,1,0.178,Gold,Apparel,0
P00598,1,10,108,1,39.4,0.7,0.189,Silver,Grocery,0
P00599,1,15,44,6,86.42,0.163,0.419,Silver,Apparel,1
P00600,1,25,52,7,40.22,0.664,0,Gold,Grocery,0
P00601,0,0,81,2,54.16,0.358,0.114,Silver,Grocery,0
P00602,0,0,91,8,24.18,0.527,0.288,Platinum,Electronics,0
P00603,0,0,35,4,72.57,0.344,0.273,Silver,Apparel,1
P00604,0,0,12,6,98.56,0.252,0.465,Platinum,Grocery,1
P00605,1,25,99,1,62.09,0.066,0.291,Silver,Electronics,0
P00606,1,10,16,5,36.33,0.103,0.134,Gold,Apparel,1
P00607,1,10,14,3,84.63,0.896,0.253,Platinum,Beauty,0
P00608,0,0,28,6,12.56,0.426,0.393,Gold,Electronics,1
P00609,1,25,89,6,32.46,0.503,0.312,Silver,Home,0
P00610,0,0,25,6,25.52,0.452,0.222,Silver,Grocery,0
P00611,0,0,19,5,86.2,0.535,0.091,None,Grocery,1
P00612,0,0,67,8,39.83,0.558,0.001,Gold,Electronics,1
P00613,0,0,10,5,129.83,0.106,0.319,Gold,Beauty,1
P00614,1,15,108,5,123.09,0.212,0,Platinum,Grocery,0
P00615,1,15,95,3,30.27,0.882,0.059,Platinum,Apparel,0
P00616,0,0,110,3,83.91,0.872,0.341,Gold,Grocery,0
P00617,0,0,110,3,14.08,0.256,0.324,Gold,Beauty,1
P00618,0,0,77,5,87.34,0.614,0.321,Silver,Home,0
P00619,1,20,69,6,78.87,0.358,0.106,Platinum,Beauty,0
P00620,0,0,65,5,98.6,0.28,0.367,Silver,Apparel,1
P00621,1,10,107,4,80.59,0.692,0,Platinum,Apparel,0
P00622,0,0,34,5,59.51,0.295,0.34,Silver,Beauty,0
P00623,0,0,91,1,112.54,0.974,0,Silver,Electronics,0
P00624,1,10,103,1,94.19,0.655,0.121,None,Grocery,0
P00625,1,25,54,6,39.42,0.719,0.207,Platinum,Apparel,1
P00626,1,20,23,4,55.77,0.451,0.127,Silver,Electronics,0
P00627,1,10,23,5,93.71,0.902,0.26,Platinum,Grocery,0
P00628,1,25,101,1,19.14,0.445,0.242,None,Apparel,1
P00629,0,0,24,5,58.91,0.336,0.032,Silver,Apparel,0
P00630,1,25,64,3,68.91,0.783,0,Silver,Grocery,0
P00631,1,15,67,9,103.19,0.712,0.224,Silver,Apparel,0
P00632,0,0,47,5,88.65,0.781,0.022,Platinum,Home,0
P00633,1,25,88,6,95.18,0.599,0.065,Silver,Apparel,0
P00634,0,0,6,8,54.25,0.352,0.323,Platinum,Apparel,1
P00635,1,20,41,6,9,0.511,0.136,None,Grocery,1
P00636,1,15,90,3,74.64,0.737,0.326,Silver,Electronics,1
P00637,1,25,34,7,51.41,0.581,0.293,Platinum,Electronics,1
P00638,0,0,51,5,29.7,0.358,0.331,None,Home,0
P00639,0,0,59,3,63.71,0.389,0.301,Platinum,Grocery,0
P00640,1,25,101,4,58.36,0.086,0.28,Platinum,Apparel,1
P00641,1,25,5,8,75.34,0.532,0.295,Platinum,Home,0
P00642,0,0,42,6,46.02,0.02,0.246,Silver,Grocery,1
P00643,0,0,88,4,58.87,0.79,0.263,Silver,Electronics,1
P00644,0,0,4,8,106.65,0.27,0.22,Silver,Home,1
P00645,0,0,75,7,28.07,0.02,0.27,None,Electronics,1
P00646,0,0,101,6,83.29,0.52,0.207,Silver,Home,0
P00647,0,0,53,3,35.45,0.891,0.266,Platinum,Apparel,0
P00648,0,0,48,4,70.65,0.491,0.275,Platinum,Grocery,0
P00649,1,20,82,6,49.64,0.655,0.282,Gold,Apparel,1
P00650,0,0,6,7,57.94,0.682,0.243,None,Grocery,1
P00651,1,10,12,8,85.2,0.618,0.304,Silver,Beauty,0
P00652,0,0,52,3,9,1,0.237,None,Beauty,0
P00653,0,0,95,6,47.05,0.465,0.186,Platinum,Electronics,0
P00654,0,0,53,4,73.53,0.037,0.318,None,Apparel,0
P00655,0,0,4,7,77.51,0.794,0.123,Gold,Electronics,0
P00656,0,0,10,4,112.86,0.692,0.206,Silver,Beauty,0
P00657,0,0,63,5,9,0.459,0.293,Gold,Beauty,1
P00658,1,25,74,6,85.34,0.702,0.247,Silver,Beauty,0
P00659,0,0,2,4,76.71,0.572,0.197,Silver,Electronics,0
P00660,0,0,19,8,89.01,0.415,0.03,None,Beauty,0
P00661,1,20,4,9,56.81,0.704,0.32,Silver,Apparel,1
P00662,1,25,44,8,37.78,0.688,0.237,None,Apparel,1
P00663,0,0,110,6,49.58,0.338,0.348,Silver,Apparel,1
P00664,1,25,64,5,62,0.371,0.157,Silver,Apparel,1
P00665,1,10,66,6,86.04,0.844,0.122,Gold,Grocery,1
P00666,1,20,94,2,80.38,0.265,0.071,Gold,Apparel,1
P00667,1,20,2,5,51.59,0.72,0.231,Silver,Beauty,1
P00668,1,10,32,9,92.63,0.366,0.286,Gold,Grocery,1
P00669,0,0,93,6,37.11,0.556,0.054,None,Electronics,0
P00670,1,15,85,5,52.09,0.604,0.011,None,Electronics,0
P00671,1,25,27,6,74.73,0.438,0.406,None,Home,0
P00672,0,0,97,3,15.56,0.234,0.213,None,Beauty,0
P00673,0,0,12,2,54.74,0.737,0.212,Silver,Home,0
P00674,1,10,38,5,92.3,0.807,0.234,Silver,Beauty,1
P00675,0,0,108,6,23.92,0.506,0.204,None,Grocery,1
P00676,0,0,7,5,67.61,0.33,0,Platinum,Electronics,1
P00677,0,0,58,6,85.82,0.574,0.15,Gold,Home,0
P00678,0,0,109,6,61.87,0.78,0.114,Gold,Apparel,0
P00679,0,0,70,6,61.46,0.282,0.16,Platinum,Electronics,0
P00680,1,15,86,5,36.65,0.564,0.005,Platinum,Grocery,0
P00681,0,0,10,6,61.49,0.239,0.33,None,Electronics,0
P00682,0,0,57,6,51.71,0.682,0.007,Gold,Electronics,0
P00683,1,10,85,5,105.63,0.751,0.195,None,Beauty,1
P00684,1,15,49,4,75.62,0.493,0.3,Gold,Home,0
P00685,0,0,52,2,9,0.575,0.072,Silver,Electronics,0
P00686,1,20,31,7,61.2,0.473,0.153,Platinum,Beauty,1
P00687,0,0,56,5,38.66,0.23,0.027,None,Home,0
P00688,0,0,71,6,120.14,0.217,0.108,Gold,Grocery,0
P00689,1,25,40,7,32,0.512,0.472,None,Beauty,0
P00690,1,20,89,4,66.2,0.883,0,None,Beauty,1
P00691,1,25,24,6,145.62,0.542,0.261,Silver,Grocery,0
P00692,0,0,37,6,59.76,0.203,0.156,Gold,Beauty,0
P00693,1,15,64,6,34.59,0.464,0.564,Platinum,Grocery,1
P00694,1,10,39,5,80.79,0.711,0.292,None,Grocery,1
P00695,0,0,13,3,52.62,0.694,0.166,None,Beauty,1
P00696,1,15,4,9,57.52,0.082,0.263,Platinum,Grocery,1
P00697,0,0,22,4,85.01,0.176,0.153,None,Home,0
P00698,1,20,91,6,79.37,0.515,0.323,Platinum,Apparel,1
P00699,0,0,44,5,131.18,0.377,0.045,None,Grocery,0
P00700,1,15,104,4,42.34,0.798,0.139,Silver,Beauty,1
P00701,0,0,86,5,88.28,1,0.461,None,Apparel,1
P00702,0,0,42,5,88.13,0.476,0.204,Platinum,Apparel,0
P00703,0,0,42,7,84.92,0.375,0.103,Platinum,Electronics,0
P00704,1,25,65,7,94.59,0.365,0.113,Silver,Beauty,0
P00705,1,10,96,0,88.9,0.732,0.467,None,Electronics,1
P00706,1,25,9,7,95.03,0.782,0.3,Platinum,Electronics,1
P00707,0,0,6,5,75.8,0.455,0.125,Gold,Home,0
P00708,1,15,60,6,49.65,0.206,0.001,Gold,Beauty,0
P00709,0,0,103,5,9,0.255,0.315,Platinum,Electronics,0
P00710,1,25,6,6,68.59,0.843,0.22,Platinum,Beauty,1
P00711,0,0,48,6,55.72,0.79,0.345,Platinum,Beauty,1
P00712,1,10,80,4,48,0.435,0.155,Silver,Apparel,1
P00713,0,0,60,2,85.72,0.673,0.188,Gold,Grocery,0
P00714,1,10,96,6,41.98,0.545,0,Gold,Beauty,1
P00715,0,0,91,4,48.12,0.627,0.117,Platinum,Beauty,0
P00716,0,0,11,6,57.21,0.338,0.209,Platinum,Beauty,0
P00717,0,0,89,5,73.36,0.454,0.375,Platinum,Grocery,0
P00718,1,20,59,4,14.48,0.562,0.171,Gold,Grocery,1
P00719,1,25,31,6,62.97,0.517,0.218,None,Apparel,1
P00720,0,0,59,8,71.18,0.514,0.089,None,Home,0
P00721,0,0,67,4,62.24,0.613,0.373,None,Electronics,0
P00722,0,0,90,4,69.46,0.448,0.206,None,Beauty,0
P00723,0,0,111,4,124.35,0.214,0.199,None,Beauty,0
P00724,1,15,19,4,58.41,0.539,0.256,Silver,Beauty,0
P00725,1,15,21,8,61.56,0.087,0.268,Gold,Grocery,1
P00726,1,20,6,6,65.25,0.339,0.339,Silver,Beauty,1
P00727,1,25,83,6,49.26,0.383,0.129,Gold,Apparel,0
P00728,0,0,28,7,108.44,0.686,0.298,Gold,Grocery,0
P00729,0,0,46,4,95.51,0.41,0.013,None,Apparel,0
P00730,1,15,105,5,78.49,0.666,0.2,None,Home,1
P00731,1,15,85,7,36.47,0.333,0.212,Gold,Grocery,1
P00732,1,10,108,6,84.31,0.291,0.358,Gold,Grocery,0
P00733,1,20,31,3,45.26,0.33,0.341,Platinum,Apparel,1
P00734,1,10,84,2,91.71,0.161,0.148,Platinum,Beauty,0
P00735,0,0,104,5,67.28,0.498,0.22,None,Apparel,0
P00736,1,20,52,5,47.16,0.139,0,None,Beauty,0
P00737,0,0,2,5,38.09,0.352,0.242,Gold,Grocery,0
P00738,1,10,77,6,41.21,0.765,0.233,Platinum,Electronics,0
P00739,1,20,39,2,26.92,0.02,0.242,Gold,Grocery,0
P00740,1,25,92,5,40.9,0.817,0.124,Gold,Beauty,0
P00741,1,10,23,5,44.12,0.759,0.144,Silver,Grocery,0
P00742,0,0,15,7,46.01,0.752,0.235,None,Beauty,1
P00743,0,0,111,2,109.63,0.815,0.224,Platinum,Electronics,0
P00744,1,25,55,6,59.44,0.559,0.358,Silver,Apparel,1
P00745,0,0,25,8,39.82,0.365,0.2,Gold,Grocery,0
P00746,0,0,16,5,102.68,0.671,0.088,Silver,Electronics,0
P00747,1,25,50,4,52.44,0.677,0.147,Silver,Electronics,1
P00748,0,0,44,5,110.59,0.457,0.26,Platinum,Electronics,0
P00749,1,20,62,2,40.1,0.206,0.195,Silver,Beauty,1
P00750,0,0,54,3,75.37,0.572,0.257,Gold,Grocery,0
P00751,0,0,107,4,27.86,0.568,0,None,Electronics,0
P00752,1,15,8,5,59.68,0.591,0.291,None,Beauty,1
P00753,0,0,47,7,70.94,0.214,0.345,None,Grocery,0
P00754,1,25,63,4,18.09,0.657,0.343,Silver,Home,0
P00755,0,0,81,7,108.97,0.228,0.358,Silver,Beauty,0
P00756,0,0,34,5,78.04,0.392,0.303,Platinum,Electronics,0
P00757,1,15,89,6,76.94,0.431,0.412,Silver,Apparel,0
P00758,1,15,107,4,43.82,0.44,0.244,Gold,Electronics,1
P00759,0,0,53,2,63.99,0.234,0.112,Gold,Beauty,0
P00760,1,20,45,8,109.4,1,0.277,Silver,Apparel,1
P00761,1,25,97,6,10.83,0.47,0.116,Silver,Electronics,1
P00762,0,0,18,5,61.94,0.303,0,Platinum,Electronics,1
P00763,0,0,26,5,31.27,0.807,0.315,None,Grocery,0
P00764,1,25,34,5,37.21,0.463,0.332,None,Home,1
P00765,0,0,18,5,55.51,0.513,0.081,Platinum,Electronics,0
P00766,0,0,101,1,87.9,0.493,0.015,Platinum,Grocery,0
P00767,1,20,47,3,87.24,0.265,0.255,Gold,Grocery,0
P00768,0,0,58,8,67.82,0.78,0.223,Silver,Electronics,0
P00769,0,0,19,3,48.46,0.598,0.214,Silver,Apparel,0
P00770,1,25,79,5,60.2,0.124,0,Platinum,Beauty,0
P00771,1,15,74,3,22.99,0.288,0.558,None,Beauty,0
P00772,0,0,68,4,82.28,0.691,0.25,Platinum,Grocery,0
P00773,0,0,48,2,80.49,0.454,0.092,None,Electronics,0
P00774,0,0,93,4,32.58,0.735,0.32,Silver,Electronics,0
P00775,1,10,68,5,31.49,0.628,0.331,None,Home,0
P00776,0,0,51,8,56.43,0.646,0.154,None,Home,1
P00777,0,0,66,6,9,0.955,0.067,Platinum,Home,0
P00778,0,0,72,7,48.78,0.507,0.132,Platinum,Grocery,0
P00779,0,0,8,5,53.56,0.455,0.236,Silver,Grocery,0
P00780,0,0,7,7,47.82,0.403,0.003,Platinum,Apparel,1
P00781,1,20,54,6,10.84,0.654,0.311,Gold,Home,0
P00782,0,0,16,7,52.25,0.472,0.456,Gold,Electronics,1
P00783,1,15,55,5,45.31,0.523,0.33,Silver,Grocery,0
P00784,1,15,75,2,152.07,0.694,0.371,Gold,Grocery,0
P00785,1,15,84,4,52.89,0.829,0,Gold,Grocery,1
P00786,0,0,60,2,83.63,0.574,0.044,Silver,Apparel,0
P00787,0,0,78,5,40.03,0.485,0.212,None,Home,0
P00788,0,0,19,8,59.97,0.482,0.453,Silver,Apparel,0
P00789,0,0,104,7,52.32,0.658,0.149,None,Beauty,0
P00790,0,0,31,10,77.82,0.472,0.265,None,Grocery,1
P00791,0,0,58,6,9,0.05,0.257,None,Beauty,1
P00792,1,15,9,6,48.94,0.931,0.288,None,Home,0
P00793,0,0,52,4,74.45,0.169,0.286,Platinum,Electronics,0
P00794,1,25,99,6,67.5,0.472,0.39,None,Electronics,1
P00795,0,0,61,6,66.97,0.706,0.39,Platinum,Home,1
P00796,0,0,11,9,112.38,0.531,0.279,Platinum,Apparel,1
P00797,1,10,50,3,71.59,0.628,0.289,Platinum,Apparel,0
P00798,0,0,43,7,21.38,0.276,0.173,Platinum,Beauty,0
P00799,0,0,85,2,30.54,0.115,0.237,Platinum,Home,0
P00800,1,15,107,1,9,0.524,0.292,None,Apparel,0
P00801,1,20,19,4,63.44,0.79,0.42,Gold,Apparel,0
P00802,1,15,61,4,54.55,0.684,0.198,Silver,Grocery,0
P00803,1,20,26,5,58.16,0.687,0.097,Platinum,Electronics,0
P00804,0,0,21,8,28.75,0.826,0.094,Silver,Apparel,0
P00805,0,0,45,8,60.67,0.077,0.153,Silver,Electronics,1
P00806,0,0,12,6,110.66,0.612,0.266,Gold,Beauty,0
P00807,0,0,98,3,67.87,0.443,0.436,Gold,Beauty,1
P00808,1,20,7,8,44.03,0.332,0.36,Silver,Beauty,1
P00809,1,25,70,3,80.33,0.962,0.454,Platinum,Electronics,0
P00810,0,0,62,6,76.65,0.654,0.345,Platinum,Apparel,1
P00811,1,10,18,7,22.67,0.18,0.185,None,Electronics,0
P00812,1,15,63,4,62.29,0.366,0.103,Silver,Beauty,0
P00813,1,25,73,5,77.38,0.107,0.066,Silver,Home,1
P00814,0,0,83,2,83.8,0.752,0.297,Silver,Apparel,0
P00815,1,15,18,5,42.29,0.257,0.268,Gold,Electronics,1
P00816,1,20,97,3,65.12,0.305,0.34,Platinum,Home,1
P00817,1,10,61,4,117.22,0.518,0.144,Platinum,Beauty,0
P00818,1,10,65,2,40.93,0.823,0.252,Silver,Home,0
P00819,1,10,76,2,22.7,0.631,0.297,Platinum,Grocery,1
P00820,1,15,51,6,97.43,0.561,0.053,Silver,Apparel,0
P00821,1,15,17,3,94.35,0.485,0.352,Platinum,Beauty,1
P00822,1,15,14,5,101.02,0.02,0.352,Silver,Home,1
P00823,1,10,108,4,51.47,0.483,0.183,Silver,Grocery,0
P00824,0,0,65,6,37.38,0.334,0.271,None,Apparel,0
P00825,0,0,99,2,9,0.503,0.132,Platinum,Apparel,0
P00826,0,0,76,7,47.63,0.328,0,Silver,Beauty,0
P00827,1,25,39,4,71.91,0.781,0.429,Silver,Home,0
P00828,0,0,38,4,60.43,0.157,0.146,Platinum,Home,0
P00829,1,15,59,5,110.23,0.477,0.027,Gold,Apparel,1
P00830,0,0,42,4,89.81,0.288,0.125,Gold,Grocery,0
P00831,0,0,74,6,99.65,0.573,0.403,Platinum,Beauty,0
P00832,0,0,49,5,102.19,0.53,0.35,Silver,Apparel,0
P00833,0,0,63,3,34.02,0.217,0.135,Gold,Apparel,0
P00834,1,15,15,10,53.98,0.251,0.259,Gold,Apparel,1
P00835,1,15,63,7,49.09,0.692,0.137,None,Beauty,0
P00836,1,10,68,6,58.68,0.63,0.032,None,Electronics,1
P00837,0,0,62,4,96.85,0.531,0,Platinum,Grocery,0
P00838,0,0,58,4,65.79,0.516,0.113,Silver,Apparel,0
P00839,0,0,93,8,58.44,0.876,0,Silver,Grocery,0
P00840,0,0,91,6,53.96,0.67,0.274,None,Home,0
P00841,0,0,83,7,36.16,0.477,0.221,Silver,Home,0
P00842,0,0,35,5,9,0.828,0.199,Silver,Electronics,0
P00843,0,0,27,7,88.5,0.469,0.162,Gold,Apparel,1
P00844,1,10,12,5,68.97,0.558,0,Gold,Home,0
P00845,1,15,101,4,42.97,0.49,0.135,Gold,Electronics,0
P00846,1,15,93,5,70.22,0.503,0.141,None,Grocery,1
P00847,0,0,52,4,80.05,0.507,0.343,Silver,Apparel,0
P00848,0,0,14,6,59.81,0.414,0.167,Silver,Grocery,1
P00849,1,15,85,6,91.31,0.208,0.359,None,Grocery,0
P00850,1,20,91,2,55.42,0.37,0.163,Silver,Electronics,0
P00851,1,10,72,8,39.62,0.545,0.231,None,Beauty,0
P00852,0,0,26,4,104.29,0.506,0.134,Silver,Beauty,0
P00853,1,20,15,6,16.65,0.57,0.253,None,Beauty,1
P00854,0,0,32,8,81.31,0.672,0.184,None,Grocery,0
P00855,1,15,4,5,55.49,0.438,0,Silver,Electronics,1
P00856,0,0,56,4,83.29,0.435,0.15,None,Apparel,0
P00857,1,15,73,5,29.9,0.497,0.244,Silver,Home,1
P00858,0,0,83,2,20.58,0.309,0.262,None,Beauty,0
P00859,0,0,67,7,46.87,0.057,0.312,Platinum,Beauty,1
P00860,0,0,108,2,56.86,0.517,0.364,Platinum,Grocery,0
P00861,0,0,30,5,76.85,0.651,0.432,Silver,Apparel,0
P00862,1,20,12,6,79.01,0.453,0.064,Silver,Grocery,1
P00863,0,0,41,7,51.47,0.784,0.272,Platinum,Electronics,1
P00864,1,20,33,4,45.35,0.493,0,Gold,Grocery,1
P00865,0,0,40,5,87.65,0.675,0.022,Platinum,Beauty,0
P00866,0,0,51,7,104.58,0.698,0.136,Platinum,Home,1
P00867,1,20,58,8,103.01,0.02,0,Silver,Home,1
P00868,1,15,89,2,85.8,0.783,0.438,Platinum,Home,0
P00869,0,0,32,4,73.95,0.807,0.136,Gold,Beauty,0
P00870,0,0,106,4,21.83,0.531,0.136,Silver,Apparel,0
P00871,1,15,42,4,90.16,0.061,0.284,Silver,Apparel,1
P00872,0,0,7,8,12.9,0.481,0,Gold,Beauty,1
P00873,0,0,102,3,68.09,0.547,0.077,Silver,Grocery,0
P00874,1,25,18,4,67.9,0.722,0.31,Silver,Beauty,0
P00875,0,0,60,7,118.52,0.326,0.065,Platinum,Grocery,0
P00876,0,0,9,4,36.34,0.498,0.158,Platinum,Beauty,0
P00877,1,20,38,3,55.37,0.594,0.02,Platinum,Apparel,0
P00878,0,0,24,4,96.62,0.42,0.238,Gold,Apparel,0
P00879,1,10,82,6,67.44,0.485,0.204,Platinum,Apparel,0
P00880,1,10,83,3,46.55,0.663,0.075,Platinum,Apparel,1
P00881,0,0,96,6,57.58,0.437,0.064,Gold,Beauty,0
P00882,0,0,29,5,82.02,0.264,0.183,None,Home,1
P00883,0,0,5,9,24.72,0.482,0.117,Silver,Beauty,1
P00884,1,10,48,5,56.76,0.04,0.114,Platinum,Apparel,1
P00885,0,0,13,8,81.49,0.206,0.061,Silver,Beauty,0
P00886,1,20,88,7,28.48,0.499,0.523,Platinum,Electronics,1
P00887,0,0,61,5,35.97,0.54,0.211,None,Electronics,1
P00888,0,0,62,5,31.92,0.608,0.261,Platinum,Grocery,0
P00889,1,25,102,5,92.4,0.397,0.41,None,Home,1
P00890,1,10,6,7,71.99,0.563,0.186,Platinum,Home,1
P00891,1,20,45,3,56.06,0.02,0.11,Platinum,Beauty,0
P00892,0,0,99,5,57.93,0.421,0.026,None,Beauty,0
P00893,1,10,21,7,86.63,0.403,0.175,None,Electronics,0
P00894,1,25,69,6,71.72,0.358,0.357,Gold,Grocery,1
P00895,1,25,77,4,54.21,0.378,0.167,None,Apparel,1
P00896,1,25,38,5,113.04,0.458,0.155,Platinum,Apparel,1
P00897,1,25,85,6,94.47,0.851,0.149,None,Beauty,1
P00898,0,0,22,7,107.51,0.569,0,None,Apparel,0
P00899,1,15,27,7,54.02,0.578,0.084,Gold,Home,0
P00900,1,10,74,5,82.8,0.212,0.248,Platinum,Apparel,0
P00901,0,0,79,7,100.22,0.314,0.151,Platinum,Electronics,0
P00902,1,10,3,5,63.21,0.392,0.068,Gold,Beauty,0
P00903,0,0,95,4,69.15,0.223,0.185,None,Apparel,0
P00904,1,10,101,4,43.46,0.538,0.342,Silver,Home,1
P00905,0,0,95,6,24.84,0.306,0,Platinum,Home,0
P00906,0,0,14,6,77.74,0.78,0.334,None,Beauty,0
P00907,1,15,10,7,29.08,0.713,0.269,Silver,Electronics,1
P00908,1,20,69,2,80.26,0.135,0.195,Gold,Home,0
P00909,0,0,87,3,31.26,0.311,0.279,Platinum,Apparel,0
P00910,0,0,5,7,76.72,0.377,0.01,Platinum,Home,0
P00911,1,15,2,7,92.59,0.515,0.205,Platinum,Home,1
P00912,1,25,22,7,58.67,0.31,0.065,Silver,Grocery,0
P00913,0,0,108,2,96.05,0.388,0.169,Silver,Electronics,0
P00914,0,0,89,6,58.17,0.557,0.172,None,Home,0
P00915,1,15,87,3,37.11,0.575,0.069,Silver,Electronics,0
P00916,0,0,71,5,56.68,0.427,0.358,Gold,Apparel,0
P00917,0,0,83,7,61.51,0.098,0.088,Gold,Apparel,1
P00918,0,0,67,6,61.44,0.53,0.267,Silver,Home,0
P00919,1,10,89,3,75.38,0.177,0.33,None,Grocery,1
P00920,1,15,54,6,84.67,0.182,0.156,None,Home,1
P00921,1,15,80,3,93.7,0.391,0.391,Platinum,Beauty,1
P00922,1,25,80,5,77.83,0.321,0,Silver,Apparel,0
P00923,1,15,43,3,64.12,0.769,0.113,Silver,Beauty,0
P00924,0,0,65,4,77.95,0.547,0.134,Platinum,Apparel,0
P00925,1,15,60,5,78.58,0.525,0.199,Silver,Electronics,1
P00926,0,0,54,6,84.27,0.432,0.183,Platinum,Grocery,0
P00927,0,0,53,5,78.67,0.673,0.419,Platinum,Apparel,1
P00928,0,0,3,8,26.36,0.528,0.097,Silver,Beauty,0
P00929,1,10,58,5,60.46,0.878,0.089,None,Electronics,0
P00930,1,20,26,5,89.01,0.541,0.328,Gold,Beauty,1
P00931,0,0,35,7,71.4,0.751,0.207,Platinum,Grocery,1
P00932,1,10,109,0,9,0.739,0.391,Gold,Apparel,1
P00933,0,0,17,5,40.72,0.224,0.127,Gold,Electronics,0
P00934,1,10,65,3,81.64,0.444,0.388,None,Home,0
P00935,1,15,43,7,95.69,0.989,0.247,None,Electronics,0
P00936,0,0,50,3,52.12,0.579,0.134,Silver,Home,0
P00937,0,0,5,9,16.78,0.784,0.164,Silver,Grocery,1
P00938,1,20,58,3,78.09,0.189,0.187,Platinum,Home,1
P00939,1,15,60,6,58.88,0.89,0.18,None,Home,0
P00940,0,0,64,7,135.28,0.517,0.231,None,Electronics,0
P00941,0,0,105,3,115.51,0.589,0.121,None,Apparel,0
P00942,0,0,95,4,81.21,0.208,0.234,Platinum,Apparel,0
P00943,0,0,32,4,107.79,0.395,0.229,Platinum,Electronics,0
P00944,1,10,63,5,93.06,0.646,0.057,Platinum,Beauty,0
P00945,0,0,43,5,42.35,0.463,0.244,Gold,Electronics,0
P00946,0,0,32,3,76.91,0.294,0.126,Gold,Electronics,0
P00947,1,20,76,7,61.17,0.59,0.017,Gold,Home,1
P00948,1,10,71,8,58.22,0.641,0.007,Platinum,Grocery,0
P00949,1,20,29,9,42.43,1,0.065,Platinum,Beauty,0
P00950,0,0,17,5,49.08,0.826,0.053,Platinum,Home,1
P00951,0,0,71,8,56.1,0.551,0.103,Silver,Beauty,0
P00952,1,15,73,4,45.4,1,0.33,Gold,Grocery,1
P00953,0,0,2,9,60.75,0.455,0.228,None,Beauty,0
P00954,0,0,45,6,100.52,0.589,0.253,Silver,Beauty,0
P00955,0,0,51,4,12.07,0.575,0.204,Gold,Home,0
P00956,1,10,27,8,104.53,0.064,0.161,Platinum,Home,1
P00957,1,20,98,6,21.98,0.734,0.17,Gold,Apparel,1
P00958,0,0,91,6,79.56,0.385,0.241,Silver,Electronics,0
P00959,0,0,97,2,37.49,0.146,0.217,None,Electronics,0
P00960,1,15,89,5,79.66,0.02,0.193,None,Beauty,0
P00961,1,25,81,4,108.6,0.143,0,None,Home,0
P00962,0,0,20,8,76.08,0.127,0,Platinum,Home,0
P00963,1,15,92,4,25.63,0.666,0.043,Platinum,Home,0
P00964,0,0,73,5,93.38,0.02,0.331,None,Home,0
P00965,1,20,4,10,50.27,0.693,0.122,Silver,Grocery,1
P00966,1,25,33,7,34.58,0.359,0.357,Platinum,Apparel,1
P00967,0,0,107,3,37.8,0.457,0.136,Gold,Apparel,0
P00968,1,15,109,4,55.98,0.664,0.06,Silver,Electronics,0
P00969,1,25,72,4,49.04,0.127,0.336,None,Grocery,0
P00970,1,25,81,4,41.52,0.227,0.221,Silver,Home,0
P00971,1,15,59,5,73.69,0.731,0.249,None,Electronics,0
P00972,1,10,48,4,72.9,0.469,0.373,Silver,Grocery,1
P00973,1,25,105,4,102.9,0.111,0.312,Platinum,Apparel,0
P00974,1,25,3,7,120.62,0.523,0.346,Silver,Electronics,1
P00975,0,0,32,6,38.19,0.585,0.362,Platinum,Home,0
P00976,1,20,69,4,83.11,0.113,0.185,Silver,Home,0
P00977,0,0,50,3,57.99,0.589,0.3,Gold,Home,0
P00978,1,15,50,7,58.54,0.509,0.144,Gold,Apparel,1
P00979,1,25,27,5,115.21,0.216,0.153,Gold,Beauty,0
P00980,1,10,9,6,53.99,0.523,0.272,Platinum,Home,1
P00981,0,0,57,7,33.14,0.564,0.137,Gold,Electronics,0
P00982,1,20,76,9,49.97,0.394,0.514,Platinum,Beauty,1
P00983,1,15,107,1,9,0.817,0.062,None,Apparel,0
P00984,0,0,2,7,44.04,0.841,0.42,Platinum,Apparel,1
P00985,0,0,79,4,48.43,0.424,0.239,Platinum,Apparel,0
P00986,0,0,33,3,80.13,0.443,0.014,Gold,Electronics,0
P00987,0,0,16,5,37.51,0.355,0.31,Gold,Grocery,0
P00988,1,20,85,2,58.87,0.621,0.244,None,Home,0
P00989,0,0,7,5,91.4,0.64,0.042,Platinum,Home,0
P00990,1,10,52,5,84.38,0.758,0.338,Gold,Home,0
P00991,0,0,27,4,80.77,0.685,0,Platinum,Apparel,1
P00992,1,25,108,3,75.02,0.406,0.282,Silver,Electronics,1
P00993,1,10,7,7,59.42,0.657,0,Silver,Beauty,0
P00994,1,25,43,6,87.41,0.512,0.314,Silver,Home,1
P00995,1,15,55,9,39.6,0.397,0.028,Platinum,Apparel,0
P00996,0,0,93,4,77.58,0.258,0.276,Gold,Electronics,0
P00997,0,0,37,1,88.46,0.497,0.497,Gold,Home,0
P00998,1,20,58,6,20.22,0.47,0.148,None,Apparel,0
P00999,0,0,103,4,122.44,0.304,0.012,None,Apparel,0
P01000,0,0,92,3,51.57,0.364,0.046,Platinum,Grocery,0
P01001,0,0,78,6,92.53,0.583,0.001,Platinum,Home,0
P01002,1,20,17,6,17.24,0.616,0.387,Silver,Grocery,1
P01003,0,0,3,6,38.68,0.02,0.381,Silver,Beauty,0
P01004,0,0,52,3,42.63,0.178,0.021,Gold,Home,0
P01005,0,0,6,5,66.26,0.284,0.513,Gold,Apparel,1
P01006,1,10,7,5,92.9,0.94,0.284,None,Beauty,0
P01007,0,0,57,3,58.37,0.301,0.098,Silver,Home,0
P01008,1,20,54,2,86.33,0.48,0.169,Silver,Electronics,0
P01009,1,10,33,6,53.19,0.224,0.218,Platinum,Grocery,1
P01010,0,0,43,3,39.36,0.321,0.295,Gold,Grocery,1
P01011,1,15,23,7,19.92,0.763,0.17,None,Beauty,1
P01012,1,20,24,9,24.4,0.314,0,None,Grocery,0
P01013,1,15,26,8,35.39,0.322,0.2,Platinum,Beauty,1
P01014,0,0,16,5,57.71,0.343,0.334,Gold,Apparel,0
P01015,1,15,59,5,72.47,0.479,0.101,None,Home,1
P01016,1,20,43,5,99.75,0.544,0.054,Gold,Beauty,1
P01017,1,10,20,6,9,0.185,0.176,Silver,Home,0
P01018,0,0,9,10,61.61,0.346,0.289,Gold,Grocery,1
P01019,1,20,62,5,69.72,0.753,0.26,None,Apparel,1
P01020,0,0,30,6,55.77,0.46,0,Gold,Home,0
P01021,0,0,83,4,114.6,0.597,0.309,Gold,Electronics,0
P01022,1,10,16,5,76.6,0.469,0.415,Platinum,Grocery,1
P01023,0,0,96,7,100.9,0.549,0.094,None,Beauty,0
P01024,0,0,104,5,40.38,0.53,0.191,Silver,Beauty,0
P01025,0,0,82,2,15.44,0.516,0.472,Silver,Home,0
P01026,1,15,68,4,48.65,0.282,0.313,Platinum,Beauty,1
P01027,1,10,63,2,105.96,0.023,0.174,Gold,Grocery,1
P01028,1,20,43,6,92.68,0.356,0.25,Silver,Apparel,1
P01029,1,25,94,6,84.6,0.604,0.176,Silver,Grocery,0
P01030,0,0,103,5,77.96,0.599,0.386,Platinum,Home,0
P01031,0,0,97,6,70.89,0.369,0.212,Silver,Beauty,0
P01032,1,15,89,3,82.3,0.592,0.093,Silver,Grocery,0
P01033,0,0,101,2,69.62,0.384,0.249,Silver,Beauty,0
P01034,0,0,101,2,74.06,0.729,0,Silver,Apparel,0
P01035,0,0,98,4,36.58,0.748,0.155,Gold,Apparel,0
P01036,0,0,42,6,76.49,0.463,0.166,Platinum,Electronics,0
P01037,0,0,8,5,103.39,0.094,0.054,Platinum,Electronics,0
P01038,0,0,68,3,56.35,0.193,0.295,None,Beauty,0
P01039,1,10,36,4,55.77,1,0.086,None,Grocery,1
P01040,1,25,51,2,53.89,0.525,0.095,Platinum,Apparel,0
P01041,1,10,21,8,46.2,0.02,0.221,Silver,Electronics,1
P01042,1,15,26,5,58.67,0.731,0.247,None,Beauty,1
P01043,0,0,25,4,61.3,0.663,0.561,Silver,Home,1
P01044,1,20,37,6,76.41,0.451,0.156,Platinum,Beauty,1
P01045,0,0,105,4,78.88,0.711,0.14,Gold,Electronics,0
P01046,0,0,110,6,70.26,0.202,0.129,Platinum,Beauty,0
P01047,0,0,96,6,69.79,0.783,0.31,Gold,Grocery,0
P01048,1,10,46,4,47.78,0.18,0.344,Gold,Apparel,1
P01049,1,25,92,3,63.8,0.489,0,Silver,Apparel,0
P01050,0,0,63,2,105.55,0.723,0.418,None,Grocery,0
P01051,1,20,41,7,43.17,0.087,0.261,Gold,Home,1
P01052,0,0,8,6,14.89,0.549,0.402,Silver,Electronics,0
P01053,1,20,8,7,16.37,0.449,0.298,Platinum,Home,1
P01054,0,0,96,1,61.75,0.74,0.067,None,Apparel,0
P01055,1,15,103,5,60.27,0.783,0.063,Gold,Apparel,0
P01056,0,0,101,4,70.28,0.409,0.335,Platinum,Apparel,0
P01057,1,15,75,4,40.23,0.837,0.283,Silver,Apparel,1
P01058,0,0,17,6,56.19,0.854,0.164,Gold,Grocery,1
P01059,0,0,12,6,64.69,0.02,0.226,None,Electronics,1
P01060,1,25,91,3,54.73,0.219,0.221,Gold,Beauty,0
P01061,1,10,98,0,33.71,0.237,0.244,Gold,Grocery,0
P01062,1,10,81,6,48.99,0.595,0.376,None,Electronics,1
P01063,0,0,61,4,36.49,0.466,0.344,Gold,Grocery,0
P01064,0,0,46,6,44.87,0.474,0.431,None,Beauty,0
P01065,0,0,43,6,80.14,0.801,0.069,Silver,Apparel,1
P01066,1,15,17,5,58.29,0.787,0.239,None,Apparel,0
P01067,1,25,96,6,45.36,0.131,0.167,None,Apparel,1
P01068,0,0,65,5,9,0.173,0.377,Silver,Home,0
P01069,0,0,50,7,78.07,0.795,0.179,Platinum,Home,0
P01070,0,0,51,7,60.86,0.22,0.016,Silver,Apparel,0
P01071,1,10,16,8,81.02,0.693,0.113,Gold,Grocery,1
P01072,0,0,68,4,66.59,0.624,0.183,None,Electronics,0
P01073,1,25,41,4,75.28,0.705,0.256,None,Electronics,1
P01074,1,25,84,5,54.05,0.67,0.439,Platinum,Electronics,0
P01075,0,0,27,8,58.12,0.341,0.257,Silver,Home,0
P01076,1,20,13,5,82.91,0.374,0,Silver,Home,0
P01077,1,20,71,5,33.84,0.14,0.182,Silver,Apparel,1
P01078,0,0,62,7,68.98,0.743,0.273,Gold,Grocery,0
P01079,0,0,36,6,40.44,0.387,0.166,Platinum,Electronics,0
P01080,1,25,31,8,42.67,0.447,0.138,Silver,Beauty,0
P01081,0,0,17,5,46.24,0.365,0.358,None,Beauty,0
P01082,1,20,7,8,62.24,0.488,0.179,Platinum,Home,1
P01083,0,0,92,3,46.01,0.4,0.185,Platinum,Grocery,0
P01084,0,0,69,5,50.11,0.275,0.155,Platinum,Grocery,0
P01085,1,10,51,7,98.43,0.403,0.193,None,Home,1
P01086,0,0,43,9,52.84,0.671,0.299,Gold,Grocery,0
P01087,0,0,89,1,35.76,0.476,0.131,Platinum,Electronics,0
P01088,1,10,40,6,73.25,0.432,0.144,Silver,Apparel,0
P01089,1,25,95,2,45.36,0.434,0.094,Platinum,Beauty,0
P01090,0,0,37,5,90.48,0.503,0.342,Platinum,Grocery,1
P01091,1,15,108,3,46.51,0.439,0.447,Platinum,Electronics,1
P01092,0,0,93,4,38.02,0.851,0.167,Gold,Home,0
P01093,1,15,14,3,13.96,0.806,0.2,Gold,Home,1
P01094,1,15,11,6,28.28,0.503,0.232,Platinum,Electronics,1
P01095,1,20,73,5,35.51,0.52,0.096,Gold,Beauty,1
P01096,1,20,19,5,92.98,0.989,0.119,Platinum,Home,1
P01097,1,25,19,8,11.34,0.072,0.108,Silver,Home,0
P01098,0,0,5,6,41.98,0.418,0.189,Platinum,Electronics,1
P01099,1,10,104,5,62.14,0.878,0.352,Silver,Apparel,0
P01100,0,0,82,4,44.28,0.487,0.159,Gold,Apparel,0
P01101,1,10,92,3,84.28,0.521,0.165,Platinum,Beauty,0
P01102,0,0,34,9,55.83,0.416,0.254,Platinum,Electronics,1
P01103,0,0,51,9,16.16,0.407,0.237,Silver,Home,1
P01104,1,20,50,3,105.41,0.379,0.38,Silver,Electronics,0
P01105,1,15,25,5,83.84,0.39,0.307,Platinum,Home,1
P01106,1,25,3,7,65.64,0.33,0,Silver,Grocery,1
P01107,1,25,26,7,90.59,0.736,0.023,Platinum,Beauty,0
P01108,1,20,48,3,68.6,0.128,0.345,Gold,Electronics,1
P01109,0,0,18,7,54.48,0.342,0.047,None,Grocery,0
P01110,1,10,63,2,40.5,0.795,0.135,Platinum,Electronics,1
P01111,1,15,42,6,54.3,0.225,0.122,Platinum,Home,1
P01112,1,10,89,8,9,0.385,0.064,None,Beauty,0
P01113,0,0,68,5,55.51,0.375,0.322,Gold,Apparel,0
P01114,0,0,101,5,82.99,0.39,0.006,Gold,Grocery,0
P01115,0,0,11,6,80.22,0.277,0.268,Silver,Home,0
P01116,0,0,44,6,86.43,0.901,0.147,Silver,Apparel,1
P01117,1,10,48,2,86.1,0.601,0.491,Silver,Electronics,1
P01118,0,0,63,4,126.29,0.23,0.203,None,Home,0
P01119,0,0,86,2,81.1,0.933,0.258,Silver,Grocery,0
P01120,1,15,102,2,60.66,1,0.171,Silver,Home,0
P01121,1,10,19,6,32.29,0.355,0.176,None,Home,1
P01122,0,0,67,5,92.66,0.642,0.247,Platinum,Beauty,0
P01123,1,25,5,8,87.64,0.769,0.286,None,Electronics,1
P01124,1,20,51,9,36.25,0.844,0.52,Gold,Apparel,1
P01125,0,0,8,6,69.37,0.445,0.093,Silver,Apparel,0
P01126,1,20,108,6,96.74,0.249,0.238,Gold,Beauty,1
P01127,1,15,26,5,71.37,0.326,0.354,Platinum,Home,1
P01128,0,0,62,6,39.7,0.578,0.428,Platinum,Grocery,0
P01129,1,20,59,7,53.91,0.446,0.174,None,Grocery,1
P01130,0,0,43,5,62.63,0.177,0.243,Gold,Electronics,0
P01131,1,20,6,7,33.96,0.111,0.416,None,Beauty,1
P01132,1,25,14,8,28.21,0.427,0.412,Platinum,Electronics,1
P01133,1,10,95,6,46.85,0.217,0.157,None,Apparel,1
P01134,0,0,86,2,103.18,0.662,0.167,Gold,Beauty,0
P01135,0,0,19,6,68.21,0.507,0.175,Gold,Grocery,0
P01136,1,25,62,4,54.99,0.02,0.15,Gold,Home,1
P01137,1,20,21,3,55.67,0.534,0.345,Silver,Beauty,1
P01138,1,15,17,9,97.93,0.429,0.335,Platinum,Grocery,1
P01139,1,25,41,5,72.21,0.533,0.041,Silver,Home,0
P01140,1,20,8,7,41.42,0.71,0.204,Silver,Electronics,1
P01141,0,0,98,6,61.65,0.064,0.182,None,Apparel,0
P01142,0,0,31,8,22.87,0.02,0.209,Silver,Grocery,1
P01143,0,0,74,6,58.18,0.382,0.327,None,Grocery,1
P01144,1,15,30,8,32.53,0.717,0.162,Gold,Electronics,1
P01145,1,15,100,4,120.82,0.422,0.145,Silver,Electronics,1
P01146,1,25,22,7,71.69,0.457,0.333,Gold,Grocery,1
P01147,0,0,107,7,81.48,0.274,0.174,Gold,Beauty,0
P01148,0,0,6,9,70.73,0.543,0.175,None,Electronics,0
P01149,1,25,17,9,77.59,0.789,0.017,Silver,Beauty,1
P01150,0,0,45,4,46.39,1,0.189,Platinum,Apparel,1
P01151,1,10,95,4,65.97,0.023,0.14,None,Beauty,1
P01152,1,20,3,5,88.41,0.371,0.14,Platinum,Home,0
P01153,0,0,89,5,90.27,0.674,0.246,None,Beauty,0
P01154,0,0,81,2,125.86,0.641,0.242,Platinum,Electronics,0
P01155,1,10,61,4,86.35,0.45,0.142,Silver,Apparel,0
P01156,1,10,14,10,27.7,0.634,0.063,Platinum,Beauty,1
P01157,1,10,69,3,97.97,0.512,0.168,Silver,Apparel,1
P01158,1,20,13,5,89.46,0.519,0.344,Gold,Home,1
P01159,1,25,3,10,65.26,0.478,0.052,Silver,Grocery,0
P01160,1,10,7,9,67.36,0.844,0.118,Platinum,Apparel,1
P01161,0,0,34,4,21.55,0.502,0.206,Silver,Home,0
P01162,0,0,47,7,50.98,0.795,0.008,Platinum,Electronics,0
P01163,1,10,36,4,46,0.176,0.216,Platinum,Grocery,1
P01164,0,0,36,6,36.06,0.292,0.163,None,Electronics,0
P01165,1,10,66,6,41.59,0.836,0.373,None,Home,0
P01166,0,0,9,7,83.21,0.574,0.128,Gold,Beauty,1
P01167,0,0,103,9,55.12,0.47,0.159,Silver,Grocery,0
P01168,1,10,81,3,117.04,0.44,0.214,Platinum,Electronics,1
P01169,0,0,49,4,21.9,0.404,0.199,None,Apparel,0
P01170,1,10,26,4,23.95,0.69,0.494,Gold,Beauty,1
P01171,0,0,81,3,59.19,0.085,0.032,Platinum,Apparel,0
P01172,0,0,88,6,75.22,0.749,0.09,Gold,Electronics,0
P01173,1,15,71,4,66.62,0.34,0.108,Platinum,Grocery,1
P01174,1,25,12,6,41.26,0.366,0.127,Platinum,Apparel,1
P01175,1,25,69,7,53.09,0.545,0.128,None,Home,0
P01176,1,20,55,4,122.91,0.421,0.23,Platinum,Beauty,1
P01177,1,10,99,5,58.45,0.37,0.181,Gold,Beauty,0
P01178,0,0,82,3,59.71,0.716,0.056,Platinum,Home,0
P01179,1,20,80,7,66.21,0.119,0.121,Gold,Home,0
P01180,1,10,46,6,84.8,0.269,0.259,None,Home,1
P01181,0,0,66,3,71.56,0.537,0.181,Platinum,Electronics,0
P01182,1,10,12,6,52.96,0.412,0.091,Platinum,Beauty,1
P01183,0,0,82,5,27.7,0.835,0.242,Gold,Grocery,0
P01184,0,0,41,7,34.04,0.698,0.309,Gold,Electronics,1
P01185,1,20,11,4,78.24,0.291,0.466,Gold,Grocery,0
P01186,1,10,70,8,116.9,0.467,0.068,Silver,Home,1
P01187,0,0,100,5,52.51,1,0.37,None,Beauty,0
P01188,0,0,2,7,44.74,0.55,0.274,Gold,Apparel,1
P01189,0,0,48,7,62.77,0.617,0.289,Platinum,Apparel,0
P01190,1,20,31,4,9,0.139,0.08,None,Beauty,1
P01191,0,0,70,3,48.43,0.336,0.298,Gold,Electronics,0
P01192,0,0,30,5,131.39,0.688,0.397,Gold,Electronics,1
P01193,1,10,111,2,98.05,0.773,0.06,Silver,Electronics,1
P01194,1,10,55,4,37.4,0.455,0.123,Platinum,Grocery,1
P01195,0,0,20,9,25.44,0.186,0.376,Silver,Beauty,0
P01196,0,0,60,3,68.4,0.128,0.084,Gold,Grocery,1
P01197,1,25,104,3,72.35,0.337,0.384,Platinum,Beauty,0
P01198,0,0,11,8,107.15,0.177,0.356,Silver,Beauty,1
P01199,1,10,21,7,61.95,0.534,0.609,Silver,Grocery,0
P01200,1,15,4,9,9,0.329,0.277,None,Electronics,0
P01201,0,0,110,4,119.51,0.729,0.047,Platinum,Electronics,0
P01202,0,0,46,6,93.45,0.835,0.396,Silver,Grocery,0
P01203,1,15,32,4,63.58,0.779,0.226,Gold,Electronics,1
P01204,1,10,81,6,43.31,0.46,0.21,Silver,Electronics,0
P01205,1,10,60,4,72.76,0.839,0.42,Platinum,Grocery,0
P01206,1,20,68,3,39.03,0.079,0.162,Gold,Beauty,0
P01207,1,15,52,4,86.97,0.772,0.203,Silver,Grocery,0
P01208,0,0,9,8,77.53,0.911,0.352,None,Electronics,1
P01209,0,0,88,3,53.52,0.459,0.165,Platinum,Beauty,0
P01210,1,15,66,8,87.58,0.661,0,None,Electronics,1
P01211,1,20,39,7,57.6,0.29,0.113,Gold,Beauty,0
P01212,0,0,87,7,78.56,0.787,0.228,Gold,Electronics,1
P01213,1,15,72,2,90.59,0.48,0.179,Platinum,Home,0
P01214,0,0,83,2,105.2,0.835,0.023,Silver,Apparel,0
P01215,1,10,99,5,65.94,0.383,0,Gold,Apparel,1
P01216,0,0,63,0,94.69,0.421,0.21,Silver,Electronics,1
P01217,1,25,12,8,64.36,0.676,0.24,Silver,Beauty,1
P01218,1,10,36,4,79.8,0.414,0.234,None,Grocery,1
P01219,1,10,51,9,42.3,0.02,0.064,Platinum,Electronics,1
P01220,0,0,31,7,96.57,0.63,0.179,Platinum,Apparel,0
P01221,1,10,91,2,10.91,0.591,0.234,Platinum,Home,1
P01222,1,10,50,5,113.01,0.487,0.054,Platinum,Home,1
P01223,0,0,108,1,66.27,0.317,0.032,Silver,Electronics,0
P01224,1,25,4,4,77.64,0.704,0.065,Gold,Beauty,0
P01225,0,0,56,2,101,0.947,0.245,None,Electronics,0
P01226,1,20,65,4,50.11,0.362,0,Gold,Home,1
P01227,1,15,106,6,77.87,0.811,0.083,Silver,Apparel,0
P01228,0,0,34,5,46.09,0.383,0.124,Platinum,Home,0
P01229,1,20,86,2,62.32,0.665,0.382,Silver,Home,1
P01230,0,0,103,4,45.18,0.344,0.186,Platinum,Apparel,0
P01231,0,0,24,5,95.28,0.519,0.316,None,Apparel,0
P01232,0,0,13,7,123.85,0.808,0.119,Gold,Beauty,1
P01233,1,15,28,5,55.65,0.334,0.305,Gold,Electronics,1
P01234,0,0,64,7,60.33,0.686,0.398,Gold,Apparel,1
P01235,0,0,32,8,61.52,0.642,0.317,Silver,Beauty,0
P01236,1,15,32,4,49.16,0.531,0.14,None,Apparel,1
P01237,0,0,91,3,77.04,0.15,0.097,Platinum,Home,0
P01238,1,25,31,8,29.8,0.653,0.146,None,Grocery,0
P01239,0,0,81,5,66.25,0.346,0.14,Platinum,Apparel,0
P01240,1,10,9,4,49.16,0.538,0.179,Silver,Apparel,1
P01241,0,0,10,8,9,0.706,0.281,None,Electronics,1
P01242,0,0,43,3,32.15,0.352,0.264,None,Beauty,0
P01243,0,0,30,7,25.69,1,0.219,Silver,Beauty,0
P01244,1,25,49,8,85.56,0.288,0.437,None,Apparel,0
P01245,0,0,11,7,57.81,0.366,0.133,Gold,Beauty,0
P01246,1,10,92,2,150.15,0.53,0.292,Platinum,Beauty,1
P01247,0,0,73,6,22.52,0.188,0.513,None,Electronics,0
P01248,1,25,111,4,59.19,0.172,0.173,None,Home,1
P01249,1,20,33,5,77.66,0.177,0.073,Silver,Apparel,0
P01250,1,25,93,7,103.74,0.535,0.119,Gold,Home,1
P01251,0,0,81,8,9,0.704,0.122,Silver,Apparel,1
P01252,0,0,20,5,79.91,0.357,0.183,Silver,Home,0
P01253,0,0,16,5,38.55,0.397,0,None,Beauty,1
P01254,0,0,18,5,59.16,0.266,0.425,None,Grocery,0
P01255,0,0,40,6,67.3,0.7,0.112,Silver,Beauty,0
P01256,1,10,34,3,37.77,0.445,0.209,Silver,Electronics,0
P01257,0,0,96,4,62.82,0.496,0.2,None,Grocery,0
P01258,1,15,68,4,71.51,0.335,0.043,Platinum,Beauty,0
P01259,1,15,85,6,146.89,0.628,0.153,None,Grocery,1
P01260,1,10,106,7,61.62,0.632,0.375,Gold,Apparel,0
P01261,0,0,81,3,50.37,0.506,0.114,None,Beauty,0
P01262,1,25,76,2,68.78,0.528,0.277,Gold,Beauty,0
P01263,1,25,94,2,112.39,0.579,0.159,None,Home,0
P01264,0,0,16,6,124.57,0.532,0.217,Silver,Electronics,0
P01265,1,20,10,9,9,0.521,0.375,Platinum,Apparel,1
P01266,0,0,46,5,72.97,0.561,0.201,Platinum,Apparel,0
P01267,1,10,83,4,83.9,0.177,0,None,Grocery,1
P01268,0,0,73,2,106.69,0.209,0.27,Silver,Apparel,0
P01269,0,0,76,8,34.87,0.533,0.19,Silver,Beauty,0
P01270,0,0,64,6,28.71,0.622,0.35,Platinum,Electronics,1
P01271,1,10,90,5,82.81,0.571,0.286,Gold,Electronics,0
P01272,1,25,72,6,97.9,0.148,0.051,Silver,Beauty,1
P01273,0,0,18,8,27.25,0.252,0.213,None,Home,1
P01274,1,20,13,5,110.8,0.832,0.1,None,Electronics,1
P01275,0,0,12,5,67.75,0.358,0.201,None,Apparel,1
P01276,0,0,11,9,30.18,0.484,0.105,None,Beauty,1
P01277,1,20,59,4,65.52,0.337,0.173,Silver,Apparel,0
P01278,0,0,3,5,66.61,0.593,0.206,Gold,Home,0
P01279,1,15,50,4,66.87,0.483,0.388,None,Apparel,0
P01280,1,20,22,7,83.91,0.424,0.371,None,Apparel,1
P01281,0,0,11,7,9,0.575,0.379,Silver,Home,1
P01282,0,0,68,5,52.06,0.502,0.339,Silver,Apparel,0
P01283,0,0,46,8,101.37,0.348,0.25,Silver,Home,1
P01284,0,0,46,6,71.67,0.284,0.397,Gold,Apparel,0
P01285,0,0,65,8,31,0.249,0.219,Gold,Electronics,1
P01286,1,25,84,3,57.65,0.237,0.164,None,Grocery,0
P01287,1,25,10,4,19.9,0.787,0.251,Silver,Beauty,1
P01288,0,0,5,8,54.9,1,0.057,Gold,Apparel,1
P01289,0,0,32,6,11.73,0.554,0.179,Silver,Grocery,1
P01290,0,0,65,4,65.7,0.623,0.1,Silver,Home,0
P01291,1,25,97,3,88.74,0.697,0,Silver,Apparel,0
P01292,0,0,83,4,48.93,0.514,0.109,Silver,Electronics,0
P01293,0,0,64,5,68.35,0.591,0.206,None,Beauty,0
P01294,1,20,93,4,86.52,0.25,0.261,None,Home,1
P01295,1,10,78,5,17.34,0.404,0.53,Gold,Apparel,1
P01296,0,0,82,5,65.46,0.286,0.277,Platinum,Electronics,0
P01297,1,20,32,6,61.33,0.8,0.213,None,Apparel,0
P01298,0,0,95,3,25.51,0.658,0.273,None,Grocery,0
P01299,0,0,72,2,30.7,0.469,0.167,Silver,Home,0
P01300,1,25,51,8,37.56,1,0.287,Platinum,Apparel,0
